genus,1210-OV,1211-OV,1212-OV,1213-OV,1214-OV,1215-OV,1216-OV,1217-OV,551-OV,552-OV,553-OV,554-OV,555-OV,556-OV,557-OV,900-OV,901-OV,902-OV,903-OV,904-OV,905-OV,906-OV,907-OV,total,superkingdom,kingdom,phylum,class,order,family,tax
Arenimicrobium,0,0,0,0,0,0,0,0,0,0,0,0,0,0,0,0,0,0,0,0,0,3,0,3,Bacteria,Bacteria_none,Acidobacteria,Blastocatellia,Blastocatellales,Pyrinomonadaceae,Bacteria;Bacteria_none;Acidobacteria;Blastocatellia;Blastocatellales;Pyrinomonadaceae;Arenimicrobium
Vicinamibacter,0,0,0,14,0,0,0,0,0,0,0,0,0,0,0,0,0,0,0,0,0,0,0,14,Bacteria,Bacteria_none,Acidobacteria,Vicinamibacteria,Vicinamibacterales,Vicinamibacteraceae,Bacteria;Bacteria_none;Acidobacteria;Vicinamibacteria;Vicinamibacterales;Vicinamibacteraceae;Vicinamibacter
Corynebacterium,0,0,0,0,13,0,0,0,0,0,0,0,23,1,0,14,7,165,5,59,31,11,0,329,Bacteria,Bacteria_none,Actinobacteria,Actinomycetia,Corynebacteriales,Corynebacteriaceae,Bacteria;Bacteria_none;Actinobacteria;Actinomycetia;Corynebacteriales;Corynebacteriaceae;Corynebacterium
Dietzia,0,0,0,0,5,0,0,0,81,0,0,0,0,5,0,15,0,333,0,65,0,0,0,504,Bacteria,Bacteria_none,Actinobacteria,Actinomycetia,Corynebacteriales,Dietziaceae,Bacteria;Bacteria_none;Actinobacteria;Actinomycetia;Corynebacteriales;Dietziaceae;Dietzia
Lawsonella,0,0,0,0,0,0,0,0,0,0,0,0,13,0,0,0,0,3,0,0,0,0,0,16,Bacteria,Bacteria_none,Actinobacteria,Actinomycetia,Corynebacteriales,Lawsonellaceae,Bacteria;Bacteria_none;Actinobacteria;Actinomycetia;Corynebacteriales;Lawsonellaceae;Lawsonella
Nocardia,0,0,0,8,0,0,0,0,0,0,0,0,0,0,0,0,0,0,0,0,0,0,0,8,Bacteria,Bacteria_none,Actinobacteria,Actinomycetia,Corynebacteriales,Nocardiaceae,Bacteria;Bacteria_none;Actinobacteria;Actinomycetia;Corynebacteriales;Nocardiaceae;Nocardia
Rhodococcus,6,0,5,0,4,0,0,0,18,0,0,0,0,14,0,1,0,0,0,133,0,0,0,181,Bacteria,Bacteria_none,Actinobacteria,Actinomycetia,Corynebacteriales,Nocardiaceae,Bacteria;Bacteria_none;Actinobacteria;Actinomycetia;Corynebacteriales;Nocardiaceae;Rhodococcus
Blastococcus,0,0,0,0,0,0,0,0,0,0,0,0,0,0,0,0,0,9,0,0,0,0,0,9,Bacteria,Bacteria_none,Actinobacteria,Actinomycetia,Geodermatophilales,Geodermatophilaceae,Bacteria;Bacteria_none;Actinobacteria;Actinomycetia;Geodermatophilales;Geodermatophilaceae;Blastococcus
Geodermatophilus,2,0,0,0,0,0,0,0,0,0,0,0,0,0,0,0,0,0,21,0,1,0,0,24,Bacteria,Bacteria_none,Actinobacteria,Actinomycetia,Geodermatophilales,Geodermatophilaceae,Bacteria;Bacteria_none;Actinobacteria;Actinomycetia;Geodermatophilales;Geodermatophilaceae;Geodermatophilus
Pseudokineococcus,3,0,0,0,0,0,0,0,0,0,0,0,0,0,0,0,0,0,0,0,0,0,0,3,Bacteria,Bacteria_none,Actinobacteria,Actinomycetia,Kineosporiales,Kineosporiaceae,Bacteria;Bacteria_none;Actinobacteria;Actinomycetia;Kineosporiales;Kineosporiaceae;Pseudokineococcus
Georgenia,0,0,0,0,0,0,0,0,0,0,0,0,0,0,0,0,0,14,0,0,22,0,0,36,Bacteria,Bacteria_none,Actinobacteria,Actinomycetia,Micrococcales,Bogoriellaceae,Bacteria;Bacteria_none;Actinobacteria;Actinomycetia;Micrococcales;Bogoriellaceae;Georgenia
Brevibacterium,0,0,0,0,0,0,0,0,0,0,0,0,0,14,0,0,0,59,0,0,0,0,0,73,Bacteria,Bacteria_none,Actinobacteria,Actinomycetia,Micrococcales,Brevibacteriaceae,Bacteria;Bacteria_none;Actinobacteria;Actinomycetia;Micrococcales;Brevibacteriaceae;Brevibacterium
Actinotalea,0,0,0,0,0,0,0,0,0,0,0,0,0,0,0,0,0,0,0,3,0,0,0,3,Bacteria,Bacteria_none,Actinobacteria,Actinomycetia,Micrococcales,Cellulomonadaceae,Bacteria;Bacteria_none;Actinobacteria;Actinomycetia;Micrococcales;Cellulomonadaceae;Actinotalea
Cellulomonas,0,0,0,0,0,0,0,0,0,0,0,0,0,0,0,0,0,0,0,14,0,0,0,14,Bacteria,Bacteria_none,Actinobacteria,Actinomycetia,Micrococcales,Cellulomonadaceae,Bacteria;Bacteria_none;Actinobacteria;Actinomycetia;Micrococcales;Cellulomonadaceae;Cellulomonas
Brachybacterium,0,0,0,0,0,0,0,0,0,0,0,0,0,6,0,0,4,41,13,187,66,8,0,325,Bacteria,Bacteria_none,Actinobacteria,Actinomycetia,Micrococcales,Dermabacteraceae,Bacteria;Bacteria_none;Actinobacteria;Actinomycetia;Micrococcales;Dermabacteraceae;Brachybacterium
Piscicoccus,0,0,0,0,0,0,0,0,0,0,0,42,0,0,0,0,0,0,0,36,0,0,0,78,Bacteria,Bacteria_none,Actinobacteria,Actinomycetia,Micrococcales,Dermatophilaceae,Bacteria;Bacteria_none;Actinobacteria;Actinomycetia;Micrococcales;Dermatophilaceae;Piscicoccus
Janibacter,5,0,4,0,1,4,0,0,0,0,0,0,0,0,0,0,4,144,0,408,46,0,0,616,Bacteria,Bacteria_none,Actinobacteria,Actinomycetia,Micrococcales,Intrasporangiaceae,Bacteria;Bacteria_none;Actinobacteria;Actinomycetia;Micrococcales;Intrasporangiaceae;Janibacter
Knoellia,0,0,0,0,0,0,0,0,0,0,0,0,18,0,0,0,0,0,0,39,0,0,0,57,Bacteria,Bacteria_none,Actinobacteria,Actinomycetia,Micrococcales,Intrasporangiaceae,Bacteria;Bacteria_none;Actinobacteria;Actinomycetia;Micrococcales;Intrasporangiaceae;Knoellia
Agrococcus,0,0,0,0,0,0,0,0,0,0,0,0,0,0,0,1,0,0,0,96,0,0,0,97,Bacteria,Bacteria_none,Actinobacteria,Actinomycetia,Micrococcales,Microbacteriaceae,Bacteria;Bacteria_none;Actinobacteria;Actinomycetia;Micrococcales;Microbacteriaceae;Agrococcus
Arenivirga,0,0,0,0,0,0,0,0,0,0,0,0,0,0,0,0,0,39,0,0,0,0,0,39,Bacteria,Bacteria_none,Actinobacteria,Actinomycetia,Micrococcales,Microbacteriaceae,Bacteria;Bacteria_none;Actinobacteria;Actinomycetia;Micrococcales;Microbacteriaceae;Arenivirga
Frondihabitans,0,0,0,0,0,0,0,0,0,0,0,0,0,0,0,0,0,0,0,0,27,0,0,27,Bacteria,Bacteria_none,Actinobacteria,Actinomycetia,Micrococcales,Microbacteriaceae,Bacteria;Bacteria_none;Actinobacteria;Actinomycetia;Micrococcales;Microbacteriaceae;Frondihabitans
Gulosibacter,0,0,0,0,0,0,0,0,0,0,0,0,0,0,0,0,0,58,0,0,0,0,0,58,Bacteria,Bacteria_none,Actinobacteria,Actinomycetia,Micrococcales,Microbacteriaceae,Bacteria;Bacteria_none;Actinobacteria;Actinomycetia;Micrococcales;Microbacteriaceae;Gulosibacter
Microbacterium,40,0,0,0,2,0,41,0,0,0,0,1,0,9,0,0,2,0,0,68,17,0,0,180,Bacteria,Bacteria_none,Actinobacteria,Actinomycetia,Micrococcales,Microbacteriaceae,Bacteria;Bacteria_none;Actinobacteria;Actinomycetia;Micrococcales;Microbacteriaceae;Microbacterium
Arthrobacter,0,0,0,0,0,18,36,0,0,0,0,0,0,0,0,0,0,1,0,46,0,0,0,101,Bacteria,Bacteria_none,Actinobacteria,Actinomycetia,Micrococcales,Micrococcaceae,Bacteria;Bacteria_none;Actinobacteria;Actinomycetia;Micrococcales;Micrococcaceae;Arthrobacter
Citricoccus,0,0,3,0,0,0,0,0,0,0,0,0,96,24,0,0,0,113,0,79,0,0,0,315,Bacteria,Bacteria_none,Actinobacteria,Actinomycetia,Micrococcales,Micrococcaceae,Bacteria;Bacteria_none;Actinobacteria;Actinomycetia;Micrococcales;Micrococcaceae;Citricoccus
Enteractinococcus,0,0,0,0,0,0,0,0,0,0,0,0,0,0,0,0,3,0,0,138,0,12,0,153,Bacteria,Bacteria_none,Actinobacteria,Actinomycetia,Micrococcales,Micrococcaceae,Bacteria;Bacteria_none;Actinobacteria;Actinomycetia;Micrococcales;Micrococcaceae;Enteractinococcus
Glutamicibacter,0,0,0,0,0,0,0,0,0,0,0,0,0,0,0,0,0,13,0,1,0,0,0,14,Bacteria,Bacteria_none,Actinobacteria,Actinomycetia,Micrococcales,Micrococcaceae,Bacteria;Bacteria_none;Actinobacteria;Actinomycetia;Micrococcales;Micrococcaceae;Glutamicibacter
Kocuria,0,0,0,0,0,0,0,0,0,0,0,0,0,14,0,0,14,211,0,263,89,18,0,609,Bacteria,Bacteria_none,Actinobacteria,Actinomycetia,Micrococcales,Micrococcaceae,Bacteria;Bacteria_none;Actinobacteria;Actinomycetia;Micrococcales;Micrococcaceae;Kocuria
Micrococcus,0,0,1,0,0,0,0,0,0,0,0,0,0,41,0,0,1,55,0,291,0,31,0,420,Bacteria,Bacteria_none,Actinobacteria,Actinomycetia,Micrococcales,Micrococcaceae,Bacteria;Bacteria_none;Actinobacteria;Actinomycetia;Micrococcales;Micrococcaceae;Micrococcus
Nesterenkonia,0,0,0,0,0,0,3,0,0,0,0,0,0,0,0,0,0,0,0,0,0,0,0,3,Bacteria,Bacteria_none,Actinobacteria,Actinomycetia,Micrococcales,Micrococcaceae,Bacteria;Bacteria_none;Actinobacteria;Actinomycetia;Micrococcales;Micrococcaceae;Nesterenkonia
Yaniella,0,0,0,0,0,0,0,0,0,0,0,0,0,0,0,0,0,0,0,0,30,1,0,31,Bacteria,Bacteria_none,Actinobacteria,Actinomycetia,Micrococcales,Micrococcaceae,Bacteria;Bacteria_none;Actinobacteria;Actinomycetia;Micrococcales;Micrococcaceae;Yaniella
Zafaria,0,0,0,0,0,0,0,0,0,0,0,0,0,0,0,0,0,0,0,4,0,0,0,4,Bacteria,Bacteria_none,Actinobacteria,Actinomycetia,Micrococcales,Micrococcaceae,Bacteria;Bacteria_none;Actinobacteria;Actinomycetia;Micrococcales;Micrococcaceae;Zafaria
Ornithinimicrobium,0,0,4,49,0,0,0,0,0,0,0,0,0,0,0,0,3,87,0,177,133,32,0,485,Bacteria,Bacteria_none,Actinobacteria,Actinomycetia,Micrococcales,Ornithinimicrobiaceae,Bacteria;Bacteria_none;Actinobacteria;Actinomycetia;Micrococcales;Ornithinimicrobiaceae;Ornithinimicrobium
Cellulosimicrobium,0,0,0,66,0,0,0,0,0,0,0,0,0,0,0,0,0,0,0,0,0,0,0,66,Bacteria,Bacteria_none,Actinobacteria,Actinomycetia,Micrococcales,Promicromonosporaceae,Bacteria;Bacteria_none;Actinobacteria;Actinomycetia;Micrococcales;Promicromonosporaceae;Cellulosimicrobium
Isoptericola,0,0,0,0,0,0,0,0,0,0,0,0,0,0,0,0,0,0,0,18,2,1,0,21,Bacteria,Bacteria_none,Actinobacteria,Actinomycetia,Micrococcales,Promicromonosporaceae,Bacteria;Bacteria_none;Actinobacteria;Actinomycetia;Micrococcales;Promicromonosporaceae;Isoptericola
Promicromonospora,0,0,0,0,0,0,0,0,0,0,0,0,0,9,0,0,0,0,0,0,48,11,0,68,Bacteria,Bacteria_none,Actinobacteria,Actinomycetia,Micrococcales,Promicromonosporaceae,Bacteria;Bacteria_none;Actinobacteria;Actinomycetia;Micrococcales;Promicromonosporaceae;Promicromonospora
Xylanimicrobium,0,0,0,0,0,0,0,0,0,0,0,0,0,0,0,0,0,0,0,0,2,0,0,2,Bacteria,Bacteria_none,Actinobacteria,Actinomycetia,Micrococcales,Promicromonosporaceae,Bacteria;Bacteria_none;Actinobacteria;Actinomycetia;Micrococcales;Promicromonosporaceae;Xylanimicrobium
Micromonospora,0,0,3,0,0,0,0,0,0,0,0,0,0,0,0,0,0,0,0,0,0,0,0,3,Bacteria,Bacteria_none,Actinobacteria,Actinomycetia,Micromonosporales,Micromonosporaceae,Bacteria;Bacteria_none;Actinobacteria;Actinomycetia;Micromonosporales;Micromonosporaceae;Micromonospora
Marmoricola,3,0,0,0,0,0,0,0,0,0,0,0,0,0,0,0,1,18,18,6,0,7,0,53,Bacteria,Bacteria_none,Actinobacteria,Actinomycetia,Propionibacteriales,Nocardioidaceae,Bacteria;Bacteria_none;Actinobacteria;Actinomycetia;Propionibacteriales;Nocardioidaceae;Marmoricola
Nocardioides,7,0,0,17,0,0,0,0,0,82,0,0,3,0,7,0,0,81,33,109,11,0,0,350,Bacteria,Bacteria_none,Actinobacteria,Actinomycetia,Propionibacteriales,Nocardioidaceae,Bacteria;Bacteria_none;Actinobacteria;Actinomycetia;Propionibacteriales;Nocardioidaceae;Nocardioides
Cutibacterium,11,0,27,0,75,56,17,0,0,4,123,16,721,103,156,1,1,161,1,100,175,37,0,1785,Bacteria,Bacteria_none,Actinobacteria,Actinomycetia,Propionibacteriales,Propionibacteriaceae,Bacteria;Bacteria_none;Actinobacteria;Actinomycetia;Propionibacteriales;Propionibacteriaceae;Cutibacterium
Mariniluteicoccus,0,0,0,0,0,0,0,0,0,0,0,0,0,0,0,0,0,0,5,0,0,0,0,5,Bacteria,Bacteria_none,Actinobacteria,Actinomycetia,Propionibacteriales,Propionibacteriaceae,Bacteria;Bacteria_none;Actinobacteria;Actinomycetia;Propionibacteriales;Propionibacteriaceae;Mariniluteicoccus
Microlunatus,1,0,0,31,0,0,0,0,0,0,0,0,0,0,0,0,0,0,0,0,0,0,0,32,Bacteria,Bacteria_none,Actinobacteria,Actinomycetia,Propionibacteriales,Propionibacteriaceae,Bacteria;Bacteria_none;Actinobacteria;Actinomycetia;Propionibacteriales;Propionibacteriaceae;Microlunatus
Nigerium,0,0,0,7,0,0,0,0,0,0,0,0,0,0,0,0,0,0,0,17,0,0,0,24,Bacteria,Bacteria_none,Actinobacteria,Actinomycetia,Propionibacteriales,Propionibacteriaceae,Bacteria;Bacteria_none;Actinobacteria;Actinomycetia;Propionibacteriales;Propionibacteriaceae;Nigerium
Propioniciclava,0,0,0,0,0,0,0,0,0,0,0,0,0,0,0,0,0,0,0,68,0,0,0,68,Bacteria,Bacteria_none,Actinobacteria,Actinomycetia,Propionibacteriales,Propionibacteriaceae,Bacteria;Bacteria_none;Actinobacteria;Actinomycetia;Propionibacteriales;Propionibacteriaceae;Propioniciclava
Raineyella,0,0,0,0,0,0,0,0,0,0,0,0,0,0,0,0,0,20,0,0,0,0,0,20,Bacteria,Bacteria_none,Actinobacteria,Actinomycetia,Propionibacteriales,Propionibacteriaceae,Bacteria;Bacteria_none;Actinobacteria;Actinomycetia;Propionibacteriales;Propionibacteriaceae;Raineyella
Tessaracoccus,0,0,18,0,0,0,0,0,0,0,0,0,0,0,0,0,0,0,0,23,0,0,0,41,Bacteria,Bacteria_none,Actinobacteria,Actinomycetia,Propionibacteriales,Propionibacteriaceae,Bacteria;Bacteria_none;Actinobacteria;Actinomycetia;Propionibacteriales;Propionibacteriaceae;Tessaracoccus
Actinomycetospora,0,0,0,0,0,0,0,0,0,0,0,0,0,0,0,0,0,25,0,0,0,2,0,27,Bacteria,Bacteria_none,Actinobacteria,Actinomycetia,Pseudonocardiales,Pseudonocardiaceae,Bacteria;Bacteria_none;Actinobacteria;Actinomycetia;Pseudonocardiales;Pseudonocardiaceae;Actinomycetospora
Halosaccharopolyspora,9,0,11,0,0,0,0,0,0,0,0,0,0,0,0,0,0,0,0,0,0,0,0,20,Bacteria,Bacteria_none,Actinobacteria,Actinomycetia,Pseudonocardiales,Pseudonocardiaceae,Bacteria;Bacteria_none;Actinobacteria;Actinomycetia;Pseudonocardiales;Pseudonocardiaceae;Halosaccharopolyspora
Pseudonocardia,0,0,0,18,0,0,0,0,0,0,0,0,0,0,0,0,0,0,0,0,0,0,0,18,Bacteria,Bacteria_none,Actinobacteria,Actinomycetia,Pseudonocardiales,Pseudonocardiaceae,Bacteria;Bacteria_none;Actinobacteria;Actinomycetia;Pseudonocardiales;Pseudonocardiaceae;Pseudonocardia
Saccharopolyspora,1,0,1,0,0,0,0,0,0,0,13,0,0,0,0,0,0,0,0,0,0,0,0,15,Bacteria,Bacteria_none,Actinobacteria,Actinomycetia,Pseudonocardiales,Pseudonocardiaceae,Bacteria;Bacteria_none;Actinobacteria;Actinomycetia;Pseudonocardiales;Pseudonocardiaceae;Saccharopolyspora
Conexibacter,2,0,0,0,0,0,0,0,0,0,0,0,0,0,0,0,0,0,0,0,0,0,0,2,Bacteria,Bacteria_none,Actinobacteria,Thermoleophilia,Solirubrobacterales,Conexibacteraceae,Bacteria;Bacteria_none;Actinobacteria;Thermoleophilia;Solirubrobacterales;Conexibacteraceae;Conexibacter
Parviterribacter,0,0,0,11,0,0,0,0,0,0,0,0,0,0,0,0,0,0,0,0,0,0,0,11,Bacteria,Bacteria_none,Actinobacteria,Thermoleophilia,Solirubrobacterales,Parviterribacteraceae,Bacteria;Bacteria_none;Actinobacteria;Thermoleophilia;Solirubrobacterales;Parviterribacteraceae;Parviterribacter
Solirubrobacter,18,0,0,4,0,0,0,0,0,0,0,0,0,0,0,0,0,0,0,0,0,0,0,22,Bacteria,Bacteria_none,Actinobacteria,Thermoleophilia,Solirubrobacterales,Solirubrobacteraceae,Bacteria;Bacteria_none;Actinobacteria;Thermoleophilia;Solirubrobacterales;Solirubrobacteraceae;Solirubrobacter
Porphyromonas,0,0,0,0,0,0,0,0,0,0,0,0,0,11,0,0,0,0,0,0,0,0,0,11,Bacteria,Bacteria_none,Bacteroidota,Bacteroidia,Bacteroidales,Porphyromonadaceae,Bacteria;Bacteria_none;Bacteroidota;Bacteroidia;Bacteroidales;Porphyromonadaceae;Porphyromonas
Flavisolibacter,0,0,0,0,0,0,0,0,0,0,0,0,0,12,0,0,0,37,0,74,0,0,0,123,Bacteria,Bacteria_none,Bacteroidota,Chitinophagia,Chitinophagales,Chitinophagaceae,Bacteria;Bacteria_none;Bacteroidota;Chitinophagia;Chitinophagales;Chitinophagaceae;Flavisolibacter
Sediminibacterium,0,0,0,0,0,0,37,0,6,0,0,0,0,0,0,0,0,0,0,0,0,0,0,43,Bacteria,Bacteria_none,Bacteroidota,Chitinophagia,Chitinophagales,Chitinophagaceae,Bacteria;Bacteria_none;Bacteroidota;Chitinophagia;Chitinophagales;Chitinophagaceae;Sediminibacterium
Aquirufa,0,0,0,0,0,0,0,0,0,0,0,0,0,0,0,0,0,0,0,35,0,0,0,35,Bacteria,Bacteria_none,Bacteroidota,Cytophagia,Cytophagales,Cytophagaceae,Bacteria;Bacteria_none;Bacteroidota;Cytophagia;Cytophagales;Cytophagaceae;Aquirufa
Siphonobacter,0,0,0,0,0,0,0,0,0,0,0,0,0,0,0,0,0,15,0,0,0,0,0,15,Bacteria,Bacteria_none,Bacteroidota,Cytophagia,Cytophagales,Cytophagaceae,Bacteria;Bacteria_none;Bacteroidota;Cytophagia;Cytophagales;Cytophagaceae;Siphonobacter
Spirosoma,0,0,0,0,0,0,0,0,0,0,0,0,0,0,58,0,0,53,0,0,0,48,0,159,Bacteria,Bacteria_none,Bacteroidota,Cytophagia,Cytophagales,Cytophagaceae,Bacteria;Bacteria_none;Bacteroidota;Cytophagia;Cytophagales;Cytophagaceae;Spirosoma
Ohtaekwangia,0,0,0,12,0,0,0,0,0,0,0,0,0,0,0,0,0,0,0,0,0,0,0,12,Bacteria,Bacteria_none,Bacteroidota,Cytophagia,Cytophagales,Fulvivirgaceae,Bacteria;Bacteria_none;Bacteroidota;Cytophagia;Cytophagales;Fulvivirgaceae;Ohtaekwangia
Adhaeribacter,2,0,0,0,0,0,0,0,0,0,0,0,0,0,0,0,0,0,0,0,0,0,0,2,Bacteria,Bacteria_none,Bacteroidota,Cytophagia,Cytophagales,Hymenobacteraceae,Bacteria;Bacteria_none;Bacteroidota;Cytophagia;Cytophagales;Hymenobacteraceae;Adhaeribacter
Hymenobacter,104,0,52,64,77,154,239,113,239,92,120,564,281,161,446,41,0,30,190,67,19,226,0,3279,Bacteria,Bacteria_none,Bacteroidota,Cytophagia,Cytophagales,Hymenobacteraceae,Bacteria;Bacteria_none;Bacteroidota;Cytophagia;Cytophagales;Hymenobacteraceae;Hymenobacter
Pontibacter,0,0,0,0,0,0,0,0,0,0,0,0,0,0,0,0,0,19,0,15,0,0,0,34,Bacteria,Bacteria_none,Bacteroidota,Cytophagia,Cytophagales,Hymenobacteraceae,Bacteria;Bacteria_none;Bacteroidota;Cytophagia;Cytophagales;Hymenobacteraceae;Pontibacter
Flavobacterium,132,1,128,275,108,78,92,19,0,0,0,0,0,0,0,0,0,0,0,0,0,11,0,844,Bacteria,Bacteria_none,Bacteroidota,Flavobacteriia,Flavobacteriales,Flavobacteriaceae,Bacteria;Bacteria_none;Bacteroidota;Flavobacteriia;Flavobacteriales;Flavobacteriaceae;Flavobacterium
Cloacibacterium,0,0,0,0,0,0,0,0,0,11,0,0,0,0,0,0,0,0,0,0,0,0,0,11,Bacteria,Bacteria_none,Bacteroidota,Flavobacteriia,Flavobacteriales,Weeksellaceae,Bacteria;Bacteria_none;Bacteroidota;Flavobacteriia;Flavobacteriales;Weeksellaceae;Cloacibacterium
Epilithonimonas,0,0,0,0,0,0,0,0,0,0,0,0,0,0,0,0,0,0,0,3,0,0,0,3,Bacteria,Bacteria_none,Bacteroidota,Flavobacteriia,Flavobacteriales,Weeksellaceae,Bacteria;Bacteria_none;Bacteroidota;Flavobacteriia;Flavobacteriales;Weeksellaceae;Epilithonimonas
Mucilaginibacter,0,0,0,0,0,0,0,5,0,0,0,0,0,0,0,0,0,0,0,38,0,0,0,43,Bacteria,Bacteria_none,Bacteroidota,Sphingobacteriia,Sphingobacteriales,Sphingobacteriaceae,Bacteria;Bacteria_none;Bacteroidota;Sphingobacteriia;Sphingobacteriales;Sphingobacteriaceae;Mucilaginibacter
Pedobacter,0,0,0,0,3,0,0,0,0,0,0,0,0,0,0,0,0,0,0,0,0,0,0,3,Bacteria,Bacteria_none,Bacteroidota,Sphingobacteriia,Sphingobacteriales,Sphingobacteriaceae,Bacteria;Bacteria_none;Bacteroidota;Sphingobacteriia;Sphingobacteriales;Sphingobacteriaceae;Pedobacter
Neowestiellopsis,0,0,0,0,0,0,0,0,0,0,0,0,3,0,0,0,0,0,0,0,0,0,0,3,Bacteria,Bacteria_none,Cyanobacteria,Cyanobacteria_Incertae_sedis,Nostocales,Hapalosiphonaceae,Bacteria;Bacteria_none;Cyanobacteria;Cyanobacteria_Incertae_sedis;Nostocales;Hapalosiphonaceae;Neowestiellopsis
Pleurocapsa,0,0,0,0,0,0,0,0,0,0,0,0,0,0,0,0,0,0,0,3,0,0,0,3,Bacteria,Bacteria_none,Cyanobacteria,Cyanobacteria_Incertae_sedis,Pleurocapsales,Hyellaceae,Bacteria;Bacteria_none;Cyanobacteria;Cyanobacteria_Incertae_sedis;Pleurocapsales;Hyellaceae;Pleurocapsa
Waterburya,0,0,0,0,0,0,0,0,0,0,0,0,0,0,0,0,0,0,0,2,0,0,0,2,Bacteria,Bacteria_none,Cyanobacteria,Cyanobacteria_Incertae_sedis,Pleurocapsales,Hyellaceae,Bacteria;Bacteria_none;Cyanobacteria;Cyanobacteria_Incertae_sedis;Pleurocapsales;Hyellaceae;Waterburya
Odorella,0,0,0,0,0,0,0,0,0,0,0,0,0,0,0,0,0,0,0,33,0,0,0,33,Bacteria,Bacteria_none,Cyanobacteria,Cyanobacteria_Incertae_sedis,Pleurocapsales,Pleurocapsales_Incertae_sedis,Bacteria;Bacteria_none;Cyanobacteria;Cyanobacteria_Incertae_sedis;Pleurocapsales;Pleurocapsales_Incertae_sedis;Odorella
Foliisarcina,0,0,0,0,0,0,0,0,0,0,0,0,0,0,0,0,0,0,0,60,0,0,0,60,Bacteria,Bacteria_none,Cyanobacteria,Cyanobacteria_Incertae_sedis,Pleurocapsales,Xenococcaceae,Bacteria;Bacteria_none;Cyanobacteria;Cyanobacteria_Incertae_sedis;Pleurocapsales;Xenococcaceae;Foliisarcina
Leptolyngbya,0,0,0,0,0,0,0,0,0,0,0,0,33,0,0,0,0,0,0,0,0,0,0,33,Bacteria,Bacteria_none,Cyanobacteria,Cyanobacteria_Incertae_sedis,Pseudanabaenales,Leptolyngbyaceae,Bacteria;Bacteria_none;Cyanobacteria;Cyanobacteria_Incertae_sedis;Pseudanabaenales;Leptolyngbyaceae;Leptolyngbya
Plectolyngbya,0,0,0,0,0,0,0,0,0,0,0,0,32,0,0,0,0,0,0,0,0,0,0,32,Bacteria,Bacteria_none,Cyanobacteria,Cyanobacteria_Incertae_sedis,Pseudanabaenales,Leptolyngbyaceae,Bacteria;Bacteria_none;Cyanobacteria;Cyanobacteria_Incertae_sedis;Pseudanabaenales;Leptolyngbyaceae;Plectolyngbya
Deinococcus,9,0,0,0,0,0,0,0,0,0,0,0,6,12,0,0,0,0,0,0,0,0,0,27,Bacteria,Bacteria_none,Deinococcus-Thermus,Deinococci,Deinococcales,Deinococcaceae,Bacteria;Bacteria_none;Deinococcus-Thermus;Deinococci;Deinococcales;Deinococcaceae;Deinococcus
Alkalihalobacillus,0,0,0,0,20,0,0,0,0,0,0,0,0,0,0,0,0,0,0,0,0,0,0,20,Bacteria,Bacteria_none,Firmicutes,Bacilli,Bacillales,Bacillaceae,Bacteria;Bacteria_none;Firmicutes;Bacilli;Bacillales;Bacillaceae;Alkalihalobacillus
Bacillus,0,0,0,0,0,423,0,0,0,0,129,0,9,0,0,426,4,14,0,6,0,3,0,1014,Bacteria,Bacteria_none,Firmicutes,Bacilli,Bacillales,Bacillaceae,Bacteria;Bacteria_none;Firmicutes;Bacilli;Bacillales;Bacillaceae;Bacillus
Cytobacillus,0,0,0,0,0,0,0,0,0,2,0,0,12,0,0,0,8,0,0,3,7,0,0,32,Bacteria,Bacteria_none,Firmicutes,Bacilli,Bacillales,Bacillaceae,Bacteria;Bacteria_none;Firmicutes;Bacilli;Bacillales;Bacillaceae;Cytobacillus
Evansella,0,0,0,0,0,0,0,0,0,0,15,0,0,0,0,0,0,0,0,0,0,0,0,15,Bacteria,Bacteria_none,Firmicutes,Bacilli,Bacillales,Bacillaceae,Bacteria;Bacteria_none;Firmicutes;Bacilli;Bacillales;Bacillaceae;Evansella
Lysinibacillus,0,0,0,40,0,0,0,0,0,0,0,0,0,0,0,0,2,0,0,0,0,0,0,42,Bacteria,Bacteria_none,Firmicutes,Bacilli,Bacillales,Bacillaceae,Bacteria;Bacteria_none;Firmicutes;Bacilli;Bacillales;Bacillaceae;Lysinibacillus
Mesobacillus,0,0,0,0,0,0,0,0,0,0,0,0,0,0,0,0,0,1,0,1,0,0,0,2,Bacteria,Bacteria_none,Firmicutes,Bacilli,Bacillales,Bacillaceae,Bacteria;Bacteria_none;Firmicutes;Bacilli;Bacillales;Bacillaceae;Mesobacillus
Metabacillus,0,0,0,0,47,0,0,0,0,0,0,0,1,0,0,0,0,0,0,0,0,0,0,48,Bacteria,Bacteria_none,Firmicutes,Bacilli,Bacillales,Bacillaceae,Bacteria;Bacteria_none;Firmicutes;Bacilli;Bacillales;Bacillaceae;Metabacillus
Neobacillus,0,0,0,0,0,0,0,0,0,0,0,0,461,0,0,0,1,0,0,3,0,0,0,465,Bacteria,Bacteria_none,Firmicutes,Bacilli,Bacillales,Bacillaceae,Bacteria;Bacteria_none;Firmicutes;Bacilli;Bacillales;Bacillaceae;Neobacillus
Niallia,0,0,1,0,0,0,0,0,0,0,0,0,0,0,0,96,65,1,0,85,70,105,0,423,Bacteria,Bacteria_none,Firmicutes,Bacilli,Bacillales,Bacillaceae,Bacteria;Bacteria_none;Firmicutes;Bacilli;Bacillales;Bacillaceae;Niallia
Oceanobacillus,0,0,0,0,0,0,0,0,0,0,0,0,0,0,0,0,0,24,0,0,0,0,0,24,Bacteria,Bacteria_none,Firmicutes,Bacilli,Bacillales,Bacillaceae,Bacteria;Bacteria_none;Firmicutes;Bacilli;Bacillales;Bacillaceae;Oceanobacillus
Peribacillus,170,2,120,601,365,107,442,259,965,557,752,226,1215,195,439,953,34,200,1005,631,315,140,0,9693,Bacteria,Bacteria_none,Firmicutes,Bacilli,Bacillales,Bacillaceae,Bacteria;Bacteria_none;Firmicutes;Bacilli;Bacillales;Bacillaceae;Peribacillus
Pradoshia,0,0,5,0,0,0,0,0,0,0,0,0,40,0,0,0,0,98,0,0,0,0,0,143,Bacteria,Bacteria_none,Firmicutes,Bacilli,Bacillales,Bacillaceae,Bacteria;Bacteria_none;Firmicutes;Bacilli;Bacillales;Bacillaceae;Pradoshia
Pseudoneobacillus,0,0,0,0,0,0,0,0,0,0,0,0,38,0,0,0,0,0,0,0,0,0,0,38,Bacteria,Bacteria_none,Firmicutes,Bacilli,Bacillales,Bacillaceae,Bacteria;Bacteria_none;Firmicutes;Bacilli;Bacillales;Bacillaceae;Pseudoneobacillus
Sutcliffiella,0,0,0,0,0,0,0,0,0,0,0,0,54,0,0,0,0,0,0,0,0,0,0,54,Bacteria,Bacteria_none,Firmicutes,Bacilli,Bacillales,Bacillaceae,Bacteria;Bacteria_none;Firmicutes;Bacilli;Bacillales;Bacillaceae;Sutcliffiella
Exiguobacterium,0,0,0,51,0,0,0,0,0,0,0,0,0,0,0,0,0,0,0,0,0,17,0,68,Bacteria,Bacteria_none,Firmicutes,Bacilli,Bacillales,Bacillales_Incertae_sedis,Bacteria;Bacteria_none;Firmicutes;Bacilli;Bacillales;Bacillales_Incertae_sedis;Exiguobacterium
Gemella,0,0,0,0,0,0,0,0,0,0,0,0,0,0,0,0,0,0,0,64,0,0,0,64,Bacteria,Bacteria_none,Firmicutes,Bacilli,Bacillales,Bacillales_Incertae_sedis,Bacteria;Bacteria_none;Firmicutes;Bacilli;Bacillales;Bacillales_Incertae_sedis;Gemella
Bhargavaea,0,0,0,0,0,0,0,0,0,0,0,0,0,0,0,0,2,0,0,0,0,0,0,2,Bacteria,Bacteria_none,Firmicutes,Bacilli,Bacillales,Planococcaceae,Bacteria;Bacteria_none;Firmicutes;Bacilli;Bacillales;Planococcaceae;Bhargavaea
Chryseomicrobium,0,0,0,0,38,0,0,0,0,0,0,0,0,0,0,0,1,75,0,114,68,0,0,296,Bacteria,Bacteria_none,Firmicutes,Bacilli,Bacillales,Planococcaceae,Bacteria;Bacteria_none;Firmicutes;Bacilli;Bacillales;Planococcaceae;Chryseomicrobium
Metaplanococcus,0,0,5,0,0,0,0,0,0,0,0,0,0,55,0,0,0,0,0,0,0,0,0,60,Bacteria,Bacteria_none,Firmicutes,Bacilli,Bacillales,Planococcaceae,Bacteria;Bacteria_none;Firmicutes;Bacilli;Bacillales;Planococcaceae;Metaplanococcus
Planococcus,0,0,1,0,0,0,0,0,0,0,0,0,0,18,0,0,0,0,0,0,0,0,0,19,Bacteria,Bacteria_none,Firmicutes,Bacilli,Bacillales,Planococcaceae,Bacteria;Bacteria_none;Firmicutes;Bacilli;Bacillales;Planococcaceae;Planococcus
Planomicrobium,0,0,0,0,0,0,0,0,0,0,0,0,0,4,0,0,0,0,0,0,0,0,0,4,Bacteria,Bacteria_none,Firmicutes,Bacilli,Bacillales,Planococcaceae,Bacteria;Bacteria_none;Firmicutes;Bacilli;Bacillales;Planococcaceae;Planomicrobium
Aliicoccus,0,0,0,0,26,8,0,0,0,0,0,0,0,0,52,0,0,21,0,0,0,0,0,107,Bacteria,Bacteria_none,Firmicutes,Bacilli,Bacillales,Staphylococcaceae,Bacteria;Bacteria_none;Firmicutes;Bacilli;Bacillales;Staphylococcaceae;Aliicoccus
Jeotgalicoccus,0,0,0,0,0,0,0,0,0,0,0,0,0,0,0,0,0,45,0,0,45,0,0,90,Bacteria,Bacteria_none,Firmicutes,Bacilli,Bacillales,Staphylococcaceae,Bacteria;Bacteria_none;Firmicutes;Bacilli;Bacillales;Staphylococcaceae;Jeotgalicoccus
Mammaliicoccus,0,0,0,0,0,0,0,0,0,0,0,0,0,0,0,0,0,108,0,0,0,0,0,108,Bacteria,Bacteria_none,Firmicutes,Bacilli,Bacillales,Staphylococcaceae,Bacteria;Bacteria_none;Firmicutes;Bacilli;Bacillales;Staphylococcaceae;Mammaliicoccus
Salinicoccus,0,0,8,0,0,0,0,0,138,52,0,0,0,25,0,27,13,46,31,187,51,22,0,600,Bacteria,Bacteria_none,Firmicutes,Bacilli,Bacillales,Staphylococcaceae,Bacteria;Bacteria_none;Firmicutes;Bacilli;Bacillales;Staphylococcaceae;Salinicoccus
Staphylococcus,0,0,35,177,19,0,40,0,180,125,101,0,207,50,113,201,48,107,208,0,63,81,0,1755,Bacteria,Bacteria_none,Firmicutes,Bacilli,Bacillales,Staphylococcaceae,Bacteria;Bacteria_none;Firmicutes;Bacilli;Bacillales;Staphylococcaceae;Staphylococcus
Abiotrophia,6,0,0,0,0,0,0,0,0,0,0,0,0,0,0,0,0,0,0,0,0,0,0,6,Bacteria,Bacteria_none,Firmicutes,Bacilli,Lactobacillales,Aerococcaceae,Bacteria;Bacteria_none;Firmicutes;Bacilli;Lactobacillales;Aerococcaceae;Abiotrophia
Alkalibacterium,0,0,0,0,0,0,0,0,0,0,0,0,1,24,0,0,0,0,0,0,0,0,0,25,Bacteria,Bacteria_none,Firmicutes,Bacilli,Lactobacillales,Carnobacteriaceae,Bacteria;Bacteria_none;Firmicutes;Bacilli;Lactobacillales;Carnobacteriaceae;Alkalibacterium
Atopostipes,0,0,6,0,0,0,0,0,0,0,0,0,38,20,0,18,14,67,2,121,69,0,0,355,Bacteria,Bacteria_none,Firmicutes,Bacilli,Lactobacillales,Carnobacteriaceae,Bacteria;Bacteria_none;Firmicutes;Bacilli;Lactobacillales;Carnobacteriaceae;Atopostipes
Enterococcus,0,0,5,62,0,0,0,0,0,0,0,0,96,0,0,61,0,0,0,0,0,0,0,224,Bacteria,Bacteria_none,Firmicutes,Bacilli,Lactobacillales,Enterococcaceae,Bacteria;Bacteria_none;Firmicutes;Bacilli;Lactobacillales;Enterococcaceae;Enterococcus
Lactobacillus,0,0,0,0,0,0,135,0,0,0,0,0,0,0,0,0,0,0,0,0,0,0,0,135,Bacteria,Bacteria_none,Firmicutes,Bacilli,Lactobacillales,Lactobacillaceae,Bacteria;Bacteria_none;Firmicutes;Bacilli;Lactobacillales;Lactobacillaceae;Lactobacillus
Ligilactobacillus,0,0,0,0,0,0,0,0,0,0,0,0,0,0,0,0,12,0,0,0,0,0,0,12,Bacteria,Bacteria_none,Firmicutes,Bacilli,Lactobacillales,Lactobacillaceae,Bacteria;Bacteria_none;Firmicutes;Bacilli;Lactobacillales;Lactobacillaceae;Ligilactobacillus
Clostridium,0,0,0,0,0,0,0,0,0,0,0,0,48,0,0,0,7,0,0,20,0,0,0,75,Bacteria,Bacteria_none,Firmicutes,Clostridia,Eubacteriales,Clostridiaceae,Bacteria;Bacteria_none;Firmicutes;Clostridia;Eubacteriales;Clostridiaceae;Clostridium
Anaerotignum,0,0,0,0,0,0,0,0,0,0,0,0,0,0,0,0,6,0,0,0,0,0,0,6,Bacteria,Bacteria_none,Firmicutes,Clostridia,Eubacteriales,Lachnospiraceae,Bacteria;Bacteria_none;Firmicutes;Clostridia;Eubacteriales;Lachnospiraceae;Anaerotignum
Blautia,0,0,0,0,0,0,29,0,0,0,0,0,0,0,0,0,0,0,0,0,0,0,0,29,Bacteria,Bacteria_none,Firmicutes,Clostridia,Eubacteriales,Lachnospiraceae,Bacteria;Bacteria_none;Firmicutes;Clostridia;Eubacteriales;Lachnospiraceae;Blautia
Konateibacter,0,0,0,0,0,0,0,0,0,0,0,0,0,0,0,0,2,0,0,0,0,0,0,2,Bacteria,Bacteria_none,Firmicutes,Clostridia,Eubacteriales,Lachnospiraceae,Bacteria;Bacteria_none;Firmicutes;Clostridia;Eubacteriales;Lachnospiraceae;Konateibacter
Waltera,0,0,0,0,0,0,0,0,0,0,0,0,0,0,0,0,9,0,0,0,0,0,0,9,Bacteria,Bacteria_none,Firmicutes,Clostridia,Eubacteriales,Lachnospiraceae,Bacteria;Bacteria_none;Firmicutes;Clostridia;Eubacteriales;Lachnospiraceae;Waltera
Faecalibacterium,0,0,0,0,0,0,45,0,0,0,0,0,0,0,0,0,0,0,0,0,0,0,0,45,Bacteria,Bacteria_none,Firmicutes,Clostridia,Eubacteriales,Oscillospiraceae,Bacteria;Bacteria_none;Firmicutes;Clostridia;Eubacteriales;Oscillospiraceae;Faecalibacterium
Romboutsia,0,0,0,91,0,0,0,0,0,0,0,0,0,5,0,0,10,0,0,329,0,0,0,435,Bacteria,Bacteria_none,Firmicutes,Clostridia,Eubacteriales,Peptostreptococcaceae,Bacteria;Bacteria_none;Firmicutes;Clostridia;Eubacteriales;Peptostreptococcaceae;Romboutsia
Sporacetigenium,0,0,0,0,0,0,0,0,0,0,0,0,0,0,0,0,0,0,0,31,0,0,0,31,Bacteria,Bacteria_none,Firmicutes,Clostridia,Eubacteriales,Peptostreptococcaceae,Bacteria;Bacteria_none;Firmicutes;Clostridia;Eubacteriales;Peptostreptococcaceae;Sporacetigenium
Anaerococcus,0,0,0,0,0,0,0,0,0,0,0,0,0,0,0,65,33,24,0,0,0,0,0,122,Bacteria,Bacteria_none,Firmicutes,Tissierellia,Tissierellales,Peptoniphilaceae,Bacteria;Bacteria_none;Firmicutes;Tissierellia;Tissierellales;Peptoniphilaceae;Anaerococcus
Finegoldia,0,0,0,0,0,0,0,0,0,0,0,0,0,0,0,0,0,0,0,69,0,0,0,69,Bacteria,Bacteria_none,Firmicutes,Tissierellia,Tissierellales,Peptoniphilaceae,Bacteria;Bacteria_none;Firmicutes;Tissierellia;Tissierellales;Peptoniphilaceae;Finegoldia
Aquisphaera,0,0,0,0,0,0,0,0,0,0,0,0,0,5,0,0,0,0,0,0,0,0,0,5,Bacteria,Bacteria_none,Planctomycetota,Planctomycetia,Isosphaerales,Isosphaeraceae,Bacteria;Bacteria_none;Planctomycetota;Planctomycetia;Isosphaerales;Isosphaeraceae;Aquisphaera
Brevundimonas,0,0,0,38,41,499,15,18,0,0,0,31,0,0,0,84,0,0,2,0,0,0,0,728,Bacteria,Bacteria_none,Proteobacteria,Alphaproteobacteria,Caulobacterales,Caulobacteraceae,Bacteria;Bacteria_none;Proteobacteria;Alphaproteobacteria;Caulobacterales;Caulobacteraceae;Brevundimonas
Caulobacter,0,0,0,0,0,0,0,0,0,0,0,0,0,0,0,25,0,6,50,0,14,1,0,96,Bacteria,Bacteria_none,Proteobacteria,Alphaproteobacteria,Caulobacterales,Caulobacteraceae,Bacteria;Bacteria_none;Proteobacteria;Alphaproteobacteria;Caulobacterales;Caulobacteraceae;Caulobacter
Phenylobacterium,0,0,0,0,0,0,0,0,0,0,0,0,0,0,0,0,0,0,1,0,1,0,0,2,Bacteria,Bacteria_none,Proteobacteria,Alphaproteobacteria,Caulobacterales,Caulobacteraceae,Bacteria;Bacteria_none;Proteobacteria;Alphaproteobacteria;Caulobacterales;Caulobacteraceae;Phenylobacterium
Bosea,0,0,3,0,0,0,0,0,0,0,0,0,0,0,0,0,0,0,0,0,0,0,0,3,Bacteria,Bacteria_none,Proteobacteria,Alphaproteobacteria,Hyphomicrobiales,Boseaceae,Bacteria;Bacteria_none;Proteobacteria;Alphaproteobacteria;Hyphomicrobiales;Boseaceae;Bosea
Devosia,13,0,0,0,0,231,0,0,0,0,0,0,0,0,0,0,0,0,0,0,0,0,0,244,Bacteria,Bacteria_none,Proteobacteria,Alphaproteobacteria,Hyphomicrobiales,Devosiaceae,Bacteria;Bacteria_none;Proteobacteria;Alphaproteobacteria;Hyphomicrobiales;Devosiaceae;Devosia
Hyphomicrobium,0,0,0,0,0,0,0,0,33,0,0,43,0,0,0,0,0,0,0,0,0,0,0,76,Bacteria,Bacteria_none,Proteobacteria,Alphaproteobacteria,Hyphomicrobiales,Hyphomicrobiaceae,Bacteria;Bacteria_none;Proteobacteria;Alphaproteobacteria;Hyphomicrobiales;Hyphomicrobiaceae;Hyphomicrobium
Methylothermalis,18,0,0,0,0,0,0,0,0,0,0,0,0,0,0,0,0,0,0,0,0,0,0,18,Bacteria,Bacteria_none,Proteobacteria,Alphaproteobacteria,Hyphomicrobiales,Hyphomicrobiaceae,Bacteria;Bacteria_none;Proteobacteria;Alphaproteobacteria;Hyphomicrobiales;Hyphomicrobiaceae;Methylothermalis
Rhodoplanes,0,0,0,0,0,0,0,0,0,0,0,0,0,0,0,0,0,0,20,0,0,0,0,20,Bacteria,Bacteria_none,Proteobacteria,Alphaproteobacteria,Hyphomicrobiales,Hyphomicrobiaceae,Bacteria;Bacteria_none;Proteobacteria;Alphaproteobacteria;Hyphomicrobiales;Hyphomicrobiaceae;Rhodoplanes
Pseudorhodoplanes,0,0,0,0,0,0,2,0,0,0,5,0,0,11,0,6,0,0,0,0,0,0,0,24,Bacteria,Bacteria_none,Proteobacteria,Alphaproteobacteria,Hyphomicrobiales,Hyphomicrobiales_Incertae_sedis,Bacteria;Bacteria_none;Proteobacteria;Alphaproteobacteria;Hyphomicrobiales;Hyphomicrobiales_Incertae_sedis;Pseudorhodoplanes
Methylobacterium,0,0,0,0,0,0,0,0,0,0,27,0,0,0,0,0,0,0,0,0,0,0,0,27,Bacteria,Bacteria_none,Proteobacteria,Alphaproteobacteria,Hyphomicrobiales,Methylobacteriaceae,Bacteria;Bacteria_none;Proteobacteria;Alphaproteobacteria;Hyphomicrobiales;Methylobacteriaceae;Methylobacterium
Methylorubrum,0,0,0,0,0,0,13,0,43,0,0,0,231,0,41,0,0,0,0,0,57,0,0,385,Bacteria,Bacteria_none,Proteobacteria,Alphaproteobacteria,Hyphomicrobiales,Methylobacteriaceae,Bacteria;Bacteria_none;Proteobacteria;Alphaproteobacteria;Hyphomicrobiales;Methylobacteriaceae;Methylorubrum
Microvirga,15,0,0,44,0,0,0,0,0,0,8,0,0,0,0,0,0,0,0,26,17,59,0,169,Bacteria,Bacteria_none,Proteobacteria,Alphaproteobacteria,Hyphomicrobiales,Methylobacteriaceae,Bacteria;Bacteria_none;Proteobacteria;Alphaproteobacteria;Hyphomicrobiales;Methylobacteriaceae;Microvirga
Methylocystis,0,0,0,0,0,0,36,0,0,0,0,0,0,0,0,0,0,0,0,17,0,36,0,89,Bacteria,Bacteria_none,Proteobacteria,Alphaproteobacteria,Hyphomicrobiales,Methylocystaceae,Bacteria;Bacteria_none;Proteobacteria;Alphaproteobacteria;Hyphomicrobiales;Methylocystaceae;Methylocystis
Afipia,3,0,0,1,2,0,0,0,0,0,0,1,0,0,0,0,0,0,0,0,0,0,0,7,Bacteria,Bacteria_none,Proteobacteria,Alphaproteobacteria,Hyphomicrobiales,Nitrobacteraceae,Bacteria;Bacteria_none;Proteobacteria;Alphaproteobacteria;Hyphomicrobiales;Nitrobacteraceae;Afipia
Bradyrhizobium,13,0,2,43,1,0,9,0,0,14,20,25,71,9,0,121,7,127,207,80,0,0,0,749,Bacteria,Bacteria_none,Proteobacteria,Alphaproteobacteria,Hyphomicrobiales,Nitrobacteraceae,Bacteria;Bacteria_none;Proteobacteria;Alphaproteobacteria;Hyphomicrobiales;Nitrobacteraceae;Bradyrhizobium
Phreatobacter,0,0,0,0,0,0,20,0,0,0,0,0,0,0,0,0,0,0,0,0,0,0,0,20,Bacteria,Bacteria_none,Proteobacteria,Alphaproteobacteria,Hyphomicrobiales,Phreatobacteraceae,Bacteria;Bacteria_none;Proteobacteria;Alphaproteobacteria;Hyphomicrobiales;Phreatobacteraceae;Phreatobacter
Mesorhizobium,17,0,0,10,31,0,11,0,0,0,0,0,0,22,0,187,0,0,85,0,185,0,0,548,Bacteria,Bacteria_none,Proteobacteria,Alphaproteobacteria,Hyphomicrobiales,Phyllobacteriaceae,Bacteria;Bacteria_none;Proteobacteria;Alphaproteobacteria;Hyphomicrobiales;Phyllobacteriaceae;Mesorhizobium
Chthonobacter,0,0,0,0,0,0,0,0,0,0,0,0,0,0,0,0,0,0,85,0,0,0,0,85,Bacteria,Bacteria_none,Proteobacteria,Alphaproteobacteria,Hyphomicrobiales,Pleomorphomonadaceae,Bacteria;Bacteria_none;Proteobacteria;Alphaproteobacteria;Hyphomicrobiales;Pleomorphomonadaceae;Chthonobacter
Agrobacterium,5,0,0,0,0,0,0,0,0,0,0,0,0,0,0,0,0,0,0,0,0,0,0,5,Bacteria,Bacteria_none,Proteobacteria,Alphaproteobacteria,Hyphomicrobiales,Rhizobiaceae,Bacteria;Bacteria_none;Proteobacteria;Alphaproteobacteria;Hyphomicrobiales;Rhizobiaceae;Agrobacterium
Pseudorhizobium,0,0,0,72,0,661,0,0,0,0,0,0,0,0,0,0,0,0,0,0,0,0,0,733,Bacteria,Bacteria_none,Proteobacteria,Alphaproteobacteria,Hyphomicrobiales,Rhizobiaceae,Bacteria;Bacteria_none;Proteobacteria;Alphaproteobacteria;Hyphomicrobiales;Rhizobiaceae;Pseudorhizobium
Rhizobium,12,0,0,3,0,18,0,0,0,0,0,0,0,0,0,0,0,0,0,0,0,0,0,33,Bacteria,Bacteria_none,Proteobacteria,Alphaproteobacteria,Hyphomicrobiales,Rhizobiaceae,Bacteria;Bacteria_none;Proteobacteria;Alphaproteobacteria;Hyphomicrobiales;Rhizobiaceae;Rhizobium
Shinella,0,0,0,0,0,0,0,0,0,0,0,0,0,24,0,0,0,0,0,0,0,0,0,24,Bacteria,Bacteria_none,Proteobacteria,Alphaproteobacteria,Hyphomicrobiales,Rhizobiaceae,Bacteria;Bacteria_none;Proteobacteria;Alphaproteobacteria;Hyphomicrobiales;Rhizobiaceae;Shinella
Amaricoccus,0,0,0,16,0,0,0,0,0,19,0,0,0,0,0,0,0,0,0,0,0,0,0,35,Bacteria,Bacteria_none,Proteobacteria,Alphaproteobacteria,Rhodobacterales,Rhodobacteraceae,Bacteria;Bacteria_none;Proteobacteria;Alphaproteobacteria;Rhodobacterales;Rhodobacteraceae;Amaricoccus
Haematobacter,0,0,0,0,0,0,0,15,0,0,0,0,0,0,0,0,0,0,0,0,0,0,0,15,Bacteria,Bacteria_none,Proteobacteria,Alphaproteobacteria,Rhodobacterales,Rhodobacteraceae,Bacteria;Bacteria_none;Proteobacteria;Alphaproteobacteria;Rhodobacterales;Rhodobacteraceae;Haematobacter
Mangrovicoccus,0,0,0,0,0,0,0,0,0,0,0,0,0,0,0,0,0,0,0,9,0,0,0,9,Bacteria,Bacteria_none,Proteobacteria,Alphaproteobacteria,Rhodobacterales,Rhodobacteraceae,Bacteria;Bacteria_none;Proteobacteria;Alphaproteobacteria;Rhodobacterales;Rhodobacteraceae;Mangrovicoccus
Paracoccus,113,0,5,0,0,235,54,17,0,0,5,0,0,23,0,17,44,74,0,241,48,181,0,1057,Bacteria,Bacteria_none,Proteobacteria,Alphaproteobacteria,Rhodobacterales,Rhodobacteraceae,Bacteria;Bacteria_none;Proteobacteria;Alphaproteobacteria;Rhodobacterales;Rhodobacteraceae;Paracoccus
Sedimentimonas,0,0,0,0,0,0,0,0,0,0,0,0,0,0,0,0,2,0,0,0,0,0,0,2,Bacteria,Bacteria_none,Proteobacteria,Alphaproteobacteria,Rhodobacterales,Rhodobacteraceae,Bacteria;Bacteria_none;Proteobacteria;Alphaproteobacteria;Rhodobacterales;Rhodobacteraceae;Sedimentimonas
Sinirhodobacter,0,0,0,0,0,0,0,0,0,0,0,0,0,0,0,0,8,0,0,0,0,0,0,8,Bacteria,Bacteria_none,Proteobacteria,Alphaproteobacteria,Rhodobacterales,Rhodobacteraceae,Bacteria;Bacteria_none;Proteobacteria;Alphaproteobacteria;Rhodobacterales;Rhodobacteraceae;Sinirhodobacter
Tabrizicola,0,0,0,0,0,0,0,0,0,0,0,0,0,0,0,0,13,0,0,0,0,0,0,13,Bacteria,Bacteria_none,Proteobacteria,Alphaproteobacteria,Rhodobacterales,Rhodobacteraceae,Bacteria;Bacteria_none;Proteobacteria;Alphaproteobacteria;Rhodobacterales;Rhodobacteraceae;Tabrizicola
Rubellimicrobium,0,0,0,15,25,0,0,0,0,0,0,0,0,0,0,0,0,18,0,0,24,0,0,82,Bacteria,Bacteria_none,Proteobacteria,Alphaproteobacteria,Rhodobacterales,Roseobacteraceae,Bacteria;Bacteria_none;Proteobacteria;Alphaproteobacteria;Rhodobacterales;Roseobacteraceae;Rubellimicrobium
Asaia,52,0,0,0,0,0,0,0,0,0,20932,0,0,0,65,0,4,1093,0,0,0,0,0,22146,Bacteria,Bacteria_none,Proteobacteria,Alphaproteobacteria,Rhodospirillales,Acetobacteraceae,Bacteria;Bacteria_none;Proteobacteria;Alphaproteobacteria;Rhodospirillales;Acetobacteraceae;Asaia
Craurococcus,0,0,0,0,0,0,0,0,0,0,0,0,0,0,0,0,0,0,0,4,0,0,0,4,Bacteria,Bacteria_none,Proteobacteria,Alphaproteobacteria,Rhodospirillales,Acetobacteraceae,Bacteria;Bacteria_none;Proteobacteria;Alphaproteobacteria;Rhodospirillales;Acetobacteraceae;Craurococcus
Roseomonas,0,0,0,0,0,60,0,0,0,0,0,0,0,0,0,0,0,0,0,0,0,0,0,60,Bacteria,Bacteria_none,Proteobacteria,Alphaproteobacteria,Rhodospirillales,Acetobacteraceae,Bacteria;Bacteria_none;Proteobacteria;Alphaproteobacteria;Rhodospirillales;Acetobacteraceae;Roseomonas
Dongia,0,0,0,10,0,0,0,0,0,0,0,0,0,0,0,0,0,0,0,0,0,0,0,10,Bacteria,Bacteria_none,Proteobacteria,Alphaproteobacteria,Rhodospirillales,Rhodospirillaceae,Bacteria;Bacteria_none;Proteobacteria;Alphaproteobacteria;Rhodospirillales;Rhodospirillaceae;Dongia
Anaplasma,0,0,0,0,1864,0,135,0,0,0,25,0,0,0,0,0,2,0,92,0,0,198,0,2316,Bacteria,Bacteria_none,Proteobacteria,Alphaproteobacteria,Rickettsiales,Anaplasmataceae,Bacteria;Bacteria_none;Proteobacteria;Alphaproteobacteria;Rickettsiales;Anaplasmataceae;Anaplasma
Pelagerythrobacter,0,0,5,0,0,0,0,0,0,0,0,0,0,0,0,0,0,0,0,0,0,0,0,5,Bacteria,Bacteria_none,Proteobacteria,Alphaproteobacteria,Sphingomonadales,Erythrobacteraceae,Bacteria;Bacteria_none;Proteobacteria;Alphaproteobacteria;Sphingomonadales;Erythrobacteraceae;Pelagerythrobacter
Qipengyuania,0,0,0,0,0,0,0,0,0,0,0,0,0,0,0,0,6,0,0,0,0,0,0,6,Bacteria,Bacteria_none,Proteobacteria,Alphaproteobacteria,Sphingomonadales,Erythrobacteraceae,Bacteria;Bacteria_none;Proteobacteria;Alphaproteobacteria;Sphingomonadales;Erythrobacteraceae;Qipengyuania
Tsuneonella,0,1,0,0,0,0,0,0,0,0,0,0,2,0,0,0,0,0,0,0,0,0,0,3,Bacteria,Bacteria_none,Proteobacteria,Alphaproteobacteria,Sphingomonadales,Erythrobacteraceae,Bacteria;Bacteria_none;Proteobacteria;Alphaproteobacteria;Sphingomonadales;Erythrobacteraceae;Tsuneonella
Blastomonas,0,0,0,0,0,0,0,0,0,0,0,0,0,0,0,0,0,0,79,0,0,0,0,79,Bacteria,Bacteria_none,Proteobacteria,Alphaproteobacteria,Sphingomonadales,Sphingomonadaceae,Bacteria;Bacteria_none;Proteobacteria;Alphaproteobacteria;Sphingomonadales;Sphingomonadaceae;Blastomonas
Sphingobium,57,0,3,223,30,0,0,21,0,0,0,0,0,0,0,0,0,0,0,0,1,0,0,335,Bacteria,Bacteria_none,Proteobacteria,Alphaproteobacteria,Sphingomonadales,Sphingomonadaceae,Bacteria;Bacteria_none;Proteobacteria;Alphaproteobacteria;Sphingomonadales;Sphingomonadaceae;Sphingobium
Sphingomonas,371,5,54,765,201,68,498,214,150,117,161,175,154,170,24,411,54,329,33,435,103,74,0,4566,Bacteria,Bacteria_none,Proteobacteria,Alphaproteobacteria,Sphingomonadales,Sphingomonadaceae,Bacteria;Bacteria_none;Proteobacteria;Alphaproteobacteria;Sphingomonadales;Sphingomonadaceae;Sphingomonas
Sphingorhabdus,0,0,0,0,0,0,0,0,0,0,0,0,0,0,33,0,0,0,0,0,0,0,0,33,Bacteria,Bacteria_none,Proteobacteria,Alphaproteobacteria,Sphingomonadales,Sphingomonadaceae,Bacteria;Bacteria_none;Proteobacteria;Alphaproteobacteria;Sphingomonadales;Sphingomonadaceae;Sphingorhabdus
Sphingoaurantiacus,0,0,0,0,0,0,0,0,0,0,0,0,0,0,0,34,0,0,0,0,0,0,0,34,Bacteria,Bacteria_none,Proteobacteria,Alphaproteobacteria,Sphingomonadales,Sphingosinicellaceae,Bacteria;Bacteria_none;Proteobacteria;Alphaproteobacteria;Sphingomonadales;Sphingosinicellaceae;Sphingoaurantiacus
Paracandidimonas,0,0,0,0,0,0,0,0,0,0,0,0,0,0,0,0,5,0,0,0,0,0,0,5,Bacteria,Bacteria_none,Proteobacteria,Betaproteobacteria,Burkholderiales,Alcaligenaceae,Bacteria;Bacteria_none;Proteobacteria;Betaproteobacteria;Burkholderiales;Alcaligenaceae;Paracandidimonas
Pusillimonas,0,0,0,0,0,0,0,0,0,0,0,0,0,0,0,0,4,0,0,0,0,0,0,4,Bacteria,Bacteria_none,Proteobacteria,Betaproteobacteria,Burkholderiales,Alcaligenaceae,Bacteria;Bacteria_none;Proteobacteria;Betaproteobacteria;Burkholderiales;Alcaligenaceae;Pusillimonas
Burkholderia,32,1,7,49,7,79,100,0,0,0,61,75,0,41,0,0,67,732,68,489,169,153,0,2130,Bacteria,Bacteria_none,Proteobacteria,Betaproteobacteria,Burkholderiales,Burkholderiaceae,Bacteria;Bacteria_none;Proteobacteria;Betaproteobacteria;Burkholderiales;Burkholderiaceae;Burkholderia
Caenibaculum,0,0,0,2,0,0,4,0,3,0,0,1,2,0,0,0,0,7,3,10,2,1,0,35,Bacteria,Bacteria_none,Proteobacteria,Betaproteobacteria,Burkholderiales,Burkholderiaceae,Bacteria;Bacteria_none;Proteobacteria;Betaproteobacteria;Burkholderiales;Burkholderiaceae;Caenibaculum
Cupriavidus,3,0,0,26,0,0,3,0,0,0,0,0,1,1,1,1,0,0,1,0,2,2,0,41,Bacteria,Bacteria_none,Proteobacteria,Betaproteobacteria,Burkholderiales,Burkholderiaceae,Bacteria;Bacteria_none;Proteobacteria;Betaproteobacteria;Burkholderiales;Burkholderiaceae;Cupriavidus
Paraburkholderia,14,0,0,6,0,3,1,1,2,0,2,1,1,1,0,0,0,0,1,4,0,0,0,37,Bacteria,Bacteria_none,Proteobacteria,Betaproteobacteria,Burkholderiales,Burkholderiaceae,Bacteria;Bacteria_none;Proteobacteria;Betaproteobacteria;Burkholderiales;Burkholderiaceae;Paraburkholderia
Ralstonia,1057,10,105,2438,793,1193,1230,20,489,77,389,557,737,223,564,848,128,1013,1580,884,1490,4387,0,20212,Bacteria,Bacteria_none,Proteobacteria,Betaproteobacteria,Burkholderiales,Burkholderiaceae,Bacteria;Bacteria_none;Proteobacteria;Betaproteobacteria;Burkholderiales;Burkholderiaceae;Ralstonia
Aquabacterium,64,2,0,262,134,48,1,85,57,123,100,0,160,0,185,1,5,33,209,77,45,41,0,1632,Bacteria,Bacteria_none,Proteobacteria,Betaproteobacteria,Burkholderiales,Burkholderiales_Incertae_sedis,Bacteria;Bacteria_none;Proteobacteria;Betaproteobacteria;Burkholderiales;Burkholderiales_Incertae_sedis;Aquabacterium
Aquariibacter,0,0,0,0,0,0,0,0,0,0,0,84,73,22,0,0,0,0,0,0,0,0,0,179,Bacteria,Bacteria_none,Proteobacteria,Betaproteobacteria,Burkholderiales,Burkholderiales_Incertae_sedis,Bacteria;Bacteria_none;Proteobacteria;Betaproteobacteria;Burkholderiales;Burkholderiales_Incertae_sedis;Aquariibacter
Leptothrix,0,0,0,0,0,0,0,0,0,0,0,0,0,0,0,0,0,0,2,1,0,0,0,3,Bacteria,Bacteria_none,Proteobacteria,Betaproteobacteria,Burkholderiales,Burkholderiales_Incertae_sedis,Bacteria;Bacteria_none;Proteobacteria;Betaproteobacteria;Burkholderiales;Burkholderiales_Incertae_sedis;Leptothrix
Pseudorivibacter,0,0,0,2,0,1,0,0,0,0,0,0,0,0,0,0,0,0,2,4,1,2,0,12,Bacteria,Bacteria_none,Proteobacteria,Betaproteobacteria,Burkholderiales,Burkholderiales_Incertae_sedis,Bacteria;Bacteria_none;Proteobacteria;Betaproteobacteria;Burkholderiales;Burkholderiales_Incertae_sedis;Pseudorivibacter
Rhizobacter,0,0,0,0,0,0,0,0,0,0,0,1,0,0,0,0,0,0,1,0,0,0,0,2,Bacteria,Bacteria_none,Proteobacteria,Betaproteobacteria,Burkholderiales,Burkholderiales_Incertae_sedis,Bacteria;Bacteria_none;Proteobacteria;Betaproteobacteria;Burkholderiales;Burkholderiales_Incertae_sedis;Rhizobacter
Xylophilus,0,0,0,0,0,0,1,0,0,0,0,0,0,0,3,0,0,0,0,0,0,0,0,4,Bacteria,Bacteria_none,Proteobacteria,Betaproteobacteria,Burkholderiales,Burkholderiales_Incertae_sedis,Bacteria;Bacteria_none;Proteobacteria;Betaproteobacteria;Burkholderiales;Burkholderiales_Incertae_sedis;Xylophilus
Acidovorax,22,0,0,48,20,0,45,17,0,19,4,0,0,17,38,0,10,505,0,113,0,50,0,908,Bacteria,Bacteria_none,Proteobacteria,Betaproteobacteria,Burkholderiales,Comamonadaceae,Bacteria;Bacteria_none;Proteobacteria;Betaproteobacteria;Burkholderiales;Comamonadaceae;Acidovorax
Caenimonas,0,0,0,0,0,0,5,0,0,0,0,0,0,0,0,0,0,0,0,0,0,0,0,5,Bacteria,Bacteria_none,Proteobacteria,Betaproteobacteria,Burkholderiales,Comamonadaceae,Bacteria;Bacteria_none;Proteobacteria;Betaproteobacteria;Burkholderiales;Comamonadaceae;Caenimonas
Comamonas,0,0,0,0,57,0,0,0,0,0,0,0,0,0,0,0,0,18,0,0,0,0,0,75,Bacteria,Bacteria_none,Proteobacteria,Betaproteobacteria,Burkholderiales,Comamonadaceae,Bacteria;Bacteria_none;Proteobacteria;Betaproteobacteria;Burkholderiales;Comamonadaceae;Comamonas
Curvibacter,47,0,0,335,41,0,88,1,0,1,0,63,0,4,5,0,3,73,41,42,0,0,0,744,Bacteria,Bacteria_none,Proteobacteria,Betaproteobacteria,Burkholderiales,Comamonadaceae,Bacteria;Bacteria_none;Proteobacteria;Betaproteobacteria;Burkholderiales;Comamonadaceae;Curvibacter
Hydrogenophaga,0,0,0,9,1,0,0,0,0,0,0,0,0,1,26,0,0,0,0,0,0,0,0,37,Bacteria,Bacteria_none,Proteobacteria,Betaproteobacteria,Burkholderiales,Comamonadaceae,Bacteria;Bacteria_none;Proteobacteria;Betaproteobacteria;Burkholderiales;Comamonadaceae;Hydrogenophaga
Malikia,0,0,0,0,0,0,0,0,0,0,0,0,0,0,10,0,0,0,0,0,0,0,0,10,Bacteria,Bacteria_none,Proteobacteria,Betaproteobacteria,Burkholderiales,Comamonadaceae,Bacteria;Bacteria_none;Proteobacteria;Betaproteobacteria;Burkholderiales;Comamonadaceae;Malikia
Pelomonas,18,0,0,0,24,0,0,0,90,61,0,0,0,0,0,313,0,27,398,148,225,125,0,1429,Bacteria,Bacteria_none,Proteobacteria,Betaproteobacteria,Burkholderiales,Comamonadaceae,Bacteria;Bacteria_none;Proteobacteria;Betaproteobacteria;Burkholderiales;Comamonadaceae;Pelomonas
Polaromonas,226,0,151,2222,154,4,235,2,0,0,0,0,0,0,0,0,0,0,0,0,0,0,0,2994,Bacteria,Bacteria_none,Proteobacteria,Betaproteobacteria,Burkholderiales,Comamonadaceae,Bacteria;Bacteria_none;Proteobacteria;Betaproteobacteria;Burkholderiales;Comamonadaceae;Polaromonas
Pseudorhodoferax,0,0,0,1,1,0,1,0,0,1,0,0,0,0,0,0,0,1,0,0,0,0,0,5,Bacteria,Bacteria_none,Proteobacteria,Betaproteobacteria,Burkholderiales,Comamonadaceae,Bacteria;Bacteria_none;Proteobacteria;Betaproteobacteria;Burkholderiales;Comamonadaceae;Pseudorhodoferax
Ramlibacter,0,0,0,0,0,0,53,0,0,0,14,0,0,0,62,0,0,26,15,55,0,0,0,225,Bacteria,Bacteria_none,Proteobacteria,Betaproteobacteria,Burkholderiales,Comamonadaceae,Bacteria;Bacteria_none;Proteobacteria;Betaproteobacteria;Burkholderiales;Comamonadaceae;Ramlibacter
Rhodoferax,4,0,0,18,2,0,3,2,0,2,0,1,0,0,4,0,0,1,0,0,0,10,0,47,Bacteria,Bacteria_none,Proteobacteria,Betaproteobacteria,Burkholderiales,Comamonadaceae,Bacteria;Bacteria_none;Proteobacteria;Betaproteobacteria;Burkholderiales;Comamonadaceae;Rhodoferax
Tibeticola,0,0,0,0,0,0,0,0,0,0,0,0,0,0,1,0,0,8,0,5,0,0,0,14,Bacteria,Bacteria_none,Proteobacteria,Betaproteobacteria,Burkholderiales,Comamonadaceae,Bacteria;Bacteria_none;Proteobacteria;Betaproteobacteria;Burkholderiales;Comamonadaceae;Tibeticola
Variovorax,42,0,0,0,1,0,250,35,0,132,0,3,0,0,147,28,0,1,1,0,0,219,0,859,Bacteria,Bacteria_none,Proteobacteria,Betaproteobacteria,Burkholderiales,Comamonadaceae,Bacteria;Bacteria_none;Proteobacteria;Betaproteobacteria;Burkholderiales;Comamonadaceae;Variovorax
Herbaspirillum,0,0,0,0,0,0,0,0,0,0,0,0,0,0,0,0,0,0,0,0,0,7,0,7,Bacteria,Bacteria_none,Proteobacteria,Betaproteobacteria,Burkholderiales,Oxalobacteraceae,Bacteria;Bacteria_none;Proteobacteria;Betaproteobacteria;Burkholderiales;Oxalobacteraceae;Herbaspirillum
Lacisediminimonas,0,0,0,0,0,0,0,0,0,0,0,0,0,0,0,0,0,0,0,1,2,19,0,22,Bacteria,Bacteria_none,Proteobacteria,Betaproteobacteria,Burkholderiales,Oxalobacteraceae,Bacteria;Bacteria_none;Proteobacteria;Betaproteobacteria;Burkholderiales;Oxalobacteraceae;Lacisediminimonas
Massilia,0,0,6,0,0,0,73,0,0,0,0,0,0,0,0,70,5,0,193,47,587,0,0,981,Bacteria,Bacteria_none,Proteobacteria,Betaproteobacteria,Burkholderiales,Oxalobacteraceae,Bacteria;Bacteria_none;Proteobacteria;Betaproteobacteria;Burkholderiales;Oxalobacteraceae;Massilia
Noviherbaspirillum,0,0,0,0,0,0,0,0,0,0,0,0,0,0,0,0,2,0,2,0,5,9,0,18,Bacteria,Bacteria_none,Proteobacteria,Betaproteobacteria,Burkholderiales,Oxalobacteraceae,Bacteria;Bacteria_none;Proteobacteria;Betaproteobacteria;Burkholderiales;Oxalobacteraceae;Noviherbaspirillum
Pseudoduganella,0,0,0,0,0,0,0,0,0,0,0,0,0,0,0,0,0,0,0,1,1,0,0,2,Bacteria,Bacteria_none,Proteobacteria,Betaproteobacteria,Burkholderiales,Oxalobacteraceae,Bacteria;Bacteria_none;Proteobacteria;Betaproteobacteria;Burkholderiales;Oxalobacteraceae;Pseudoduganella
Ideonella,0,0,0,0,0,0,0,0,1,1,0,0,0,0,0,0,0,0,0,1,0,0,0,3,Bacteria,Bacteria_none,Proteobacteria,Betaproteobacteria,Burkholderiales,Sphaerotilaceae,Bacteria;Bacteria_none;Proteobacteria;Betaproteobacteria;Burkholderiales;Sphaerotilaceae;Ideonella
Mitsuaria,0,0,0,0,0,0,0,0,0,0,0,0,0,0,0,0,0,1,13,1,1,1,0,17,Bacteria,Bacteria_none,Proteobacteria,Betaproteobacteria,Burkholderiales,Sphaerotilaceae,Bacteria;Bacteria_none;Proteobacteria;Betaproteobacteria;Burkholderiales;Sphaerotilaceae;Mitsuaria
Schlegelella,0,0,0,10,0,1,0,0,1,3,0,0,1,0,1,0,0,0,5,3,0,1,0,26,Bacteria,Bacteria_none,Proteobacteria,Betaproteobacteria,Burkholderiales,Sphaerotilaceae,Bacteria;Bacteria_none;Proteobacteria;Betaproteobacteria;Burkholderiales;Sphaerotilaceae;Schlegelella
Sphaerotilus,0,0,0,0,0,0,70,0,0,0,0,0,0,0,122,0,0,0,0,31,0,0,0,223,Bacteria,Bacteria_none,Proteobacteria,Betaproteobacteria,Burkholderiales,Sphaerotilaceae,Bacteria;Bacteria_none;Proteobacteria;Betaproteobacteria;Burkholderiales;Sphaerotilaceae;Sphaerotilus
Zhizhongheella,1,0,0,0,1,0,0,0,0,0,0,0,1,0,0,0,0,0,0,0,0,0,0,3,Bacteria,Bacteria_none,Proteobacteria,Betaproteobacteria,Burkholderiales,Sphaerotilaceae,Bacteria;Bacteria_none;Proteobacteria;Betaproteobacteria;Burkholderiales;Sphaerotilaceae;Zhizhongheella
Prolinoborus,9,0,11,179,0,0,9,85,0,20,5,2,0,3,7,0,7,0,5,0,7,0,0,349,Bacteria,Bacteria_none,Proteobacteria,Betaproteobacteria,Neisseriales,Neisseriaceae,Bacteria;Bacteria_none;Proteobacteria;Betaproteobacteria;Neisseriales;Neisseriaceae;Prolinoborus
Methylophilus,0,0,11,0,0,0,0,0,0,0,0,0,0,0,0,0,0,0,0,0,0,0,0,11,Bacteria,Bacteria_none,Proteobacteria,Betaproteobacteria,Nitrosomonadales,Methylophilaceae,Bacteria;Bacteria_none;Proteobacteria;Betaproteobacteria;Nitrosomonadales;Methylophilaceae;Methylophilus
Methylotenera,43,0,11,61,90,0,0,0,0,0,0,0,0,0,0,0,0,0,0,0,0,0,0,205,Bacteria,Bacteria_none,Proteobacteria,Betaproteobacteria,Nitrosomonadales,Methylophilaceae,Bacteria;Bacteria_none;Proteobacteria;Betaproteobacteria;Nitrosomonadales;Methylophilaceae;Methylotenera
Azonexus,0,0,0,0,0,0,0,0,0,0,0,0,3,0,0,0,0,0,0,0,0,0,0,3,Bacteria,Bacteria_none,Proteobacteria,Betaproteobacteria,Rhodocyclales,Azonexaceae,Bacteria;Bacteria_none;Proteobacteria;Betaproteobacteria;Rhodocyclales;Azonexaceae;Azonexus
Dechloromonas,0,0,0,0,0,0,0,0,0,0,0,0,35,0,0,0,0,0,0,0,0,0,0,35,Bacteria,Bacteria_none,Proteobacteria,Betaproteobacteria,Rhodocyclales,Azonexaceae,Bacteria;Bacteria_none;Proteobacteria;Betaproteobacteria;Rhodocyclales;Azonexaceae;Dechloromonas
Zoogloea,0,0,0,62,0,71,0,0,0,0,0,0,0,0,0,57,0,0,0,0,0,11,0,201,Bacteria,Bacteria_none,Proteobacteria,Betaproteobacteria,Rhodocyclales,Zoogloeaceae,Bacteria;Bacteria_none;Proteobacteria;Betaproteobacteria;Rhodocyclales;Zoogloeaceae;Zoogloea
Anaeromyxobacter,0,0,0,0,0,0,0,0,0,0,0,0,0,0,0,0,0,12,0,0,0,0,0,12,Bacteria,Bacteria_none,Proteobacteria,Deltaproteobacteria,Myxococcales,Anaeromyxobacteraceae,Bacteria;Bacteria_none;Proteobacteria;Deltaproteobacteria;Myxococcales;Anaeromyxobacteraceae;Anaeromyxobacter
Stigmatella,0,0,0,0,0,0,0,0,0,0,0,0,0,0,0,0,0,0,0,6,0,0,0,6,Bacteria,Bacteria_none,Proteobacteria,Deltaproteobacteria,Myxococcales,Archangiaceae,Bacteria;Bacteria_none;Proteobacteria;Deltaproteobacteria;Myxococcales;Archangiaceae;Stigmatella
Corallococcus,0,0,0,0,0,28,0,0,0,0,0,0,0,0,0,0,0,0,0,0,0,0,0,28,Bacteria,Bacteria_none,Proteobacteria,Deltaproteobacteria,Myxococcales,Myxococcaceae,Bacteria;Bacteria_none;Proteobacteria;Deltaproteobacteria;Myxococcales;Myxococcaceae;Corallococcus
Myxococcus,0,0,0,0,0,6,0,0,0,0,0,0,0,0,0,0,0,0,0,0,0,0,0,6,Bacteria,Bacteria_none,Proteobacteria,Deltaproteobacteria,Myxococcales,Myxococcaceae,Bacteria;Bacteria_none;Proteobacteria;Deltaproteobacteria;Myxococcales;Myxococcaceae;Myxococcus
Simulacricoccus,0,0,0,0,0,0,0,0,0,0,0,0,0,0,0,0,0,0,0,2,0,0,0,2,Bacteria,Bacteria_none,Proteobacteria,Deltaproteobacteria,Myxococcales,Myxococcaceae,Bacteria;Bacteria_none;Proteobacteria;Deltaproteobacteria;Myxococcales;Myxococcaceae;Simulacricoccus
Aeromonas,0,0,0,0,5,0,0,0,0,0,0,0,0,0,0,0,0,0,0,0,0,1,0,6,Bacteria,Bacteria_none,Proteobacteria,Gammaproteobacteria,Aeromonadales,Aeromonadaceae,Bacteria;Bacteria_none;Proteobacteria;Gammaproteobacteria;Aeromonadales;Aeromonadaceae;Aeromonas
Alishewanella,0,0,0,0,0,0,0,0,0,0,1,0,0,0,0,0,8,0,0,0,0,0,0,9,Bacteria,Bacteria_none,Proteobacteria,Gammaproteobacteria,Alteromonadales,Alteromonadaceae,Bacteria;Bacteria_none;Proteobacteria;Gammaproteobacteria;Alteromonadales;Alteromonadaceae;Alishewanella
Cellvibrio,0,0,0,0,0,3,0,0,0,0,0,0,0,0,0,0,0,0,0,0,0,0,0,3,Bacteria,Bacteria_none,Proteobacteria,Gammaproteobacteria,Cellvibrionales,Cellvibrionaceae,Bacteria;Bacteria_none;Proteobacteria;Gammaproteobacteria;Cellvibrionales;Cellvibrionaceae;Cellvibrio
Pararheinheimera,3,0,0,0,0,0,25,0,0,0,0,0,0,0,0,0,0,20,0,0,0,0,0,48,Bacteria,Bacteria_none,Proteobacteria,Gammaproteobacteria,Chromatiales,Chromatiaceae,Bacteria;Bacteria_none;Proteobacteria;Gammaproteobacteria;Chromatiales;Chromatiaceae;Pararheinheimera
Rheinheimera,0,0,4,0,0,0,0,0,0,0,0,0,0,0,0,0,0,5,0,0,0,0,0,9,Bacteria,Bacteria_none,Proteobacteria,Gammaproteobacteria,Chromatiales,Chromatiaceae,Bacteria;Bacteria_none;Proteobacteria;Gammaproteobacteria;Chromatiales;Chromatiaceae;Rheinheimera
Atlantibacter,2,0,0,0,0,0,0,0,0,0,0,0,0,0,0,0,0,0,0,0,0,0,0,2,Bacteria,Bacteria_none,Proteobacteria,Gammaproteobacteria,Enterobacterales,Enterobacteriaceae,Bacteria;Bacteria_none;Proteobacteria;Gammaproteobacteria;Enterobacterales;Enterobacteriaceae;Atlantibacter
Citrobacter,0,0,0,0,0,0,0,0,0,0,0,0,0,0,0,0,0,0,1,0,1,0,0,2,Bacteria,Bacteria_none,Proteobacteria,Gammaproteobacteria,Enterobacterales,Enterobacteriaceae,Bacteria;Bacteria_none;Proteobacteria;Gammaproteobacteria;Enterobacterales;Enterobacteriaceae;Citrobacter
Enterobacter,1,0,0,0,0,0,0,0,216,0,0,0,57,26,54,0,0,0,0,0,0,0,0,354,Bacteria,Bacteria_none,Proteobacteria,Gammaproteobacteria,Enterobacterales,Enterobacteriaceae,Bacteria;Bacteria_none;Proteobacteria;Gammaproteobacteria;Enterobacterales;Enterobacteriaceae;Enterobacter
Escherichia,10,0,22,108,25,38,118,4,80,26,12,13,76,21,55,39,5,53,105,76,17,18,0,921,Bacteria,Bacteria_none,Proteobacteria,Gammaproteobacteria,Enterobacterales,Enterobacteriaceae,Bacteria;Bacteria_none;Proteobacteria;Gammaproteobacteria;Enterobacterales;Enterobacteriaceae;Escherichia
Kluyvera,0,0,0,0,0,0,0,0,0,0,0,0,0,0,0,0,0,0,17,0,0,0,0,17,Bacteria,Bacteria_none,Proteobacteria,Gammaproteobacteria,Enterobacterales,Enterobacteriaceae,Bacteria;Bacteria_none;Proteobacteria;Gammaproteobacteria;Enterobacterales;Enterobacteriaceae;Kluyvera
Kosakonia,4,0,0,0,0,0,0,0,0,0,0,0,0,0,1,0,0,0,0,0,0,0,0,5,Bacteria,Bacteria_none,Proteobacteria,Gammaproteobacteria,Enterobacterales,Enterobacteriaceae,Bacteria;Bacteria_none;Proteobacteria;Gammaproteobacteria;Enterobacterales;Enterobacteriaceae;Kosakonia
Lelliottia,0,0,0,0,0,0,0,0,0,0,0,0,0,0,0,0,0,0,2,0,0,0,0,2,Bacteria,Bacteria_none,Proteobacteria,Gammaproteobacteria,Enterobacterales,Enterobacteriaceae,Bacteria;Bacteria_none;Proteobacteria;Gammaproteobacteria;Enterobacterales;Enterobacteriaceae;Lelliottia
Phytobacter,0,0,0,0,0,0,0,0,3,0,0,0,1,0,0,0,0,0,0,0,0,0,0,4,Bacteria,Bacteria_none,Proteobacteria,Gammaproteobacteria,Enterobacterales,Enterobacteriaceae,Bacteria;Bacteria_none;Proteobacteria;Gammaproteobacteria;Enterobacterales;Enterobacteriaceae;Phytobacter
Pseudocitrobacter,0,0,0,0,0,0,0,0,1,0,0,0,0,0,0,0,0,0,0,2,0,0,0,3,Bacteria,Bacteria_none,Proteobacteria,Gammaproteobacteria,Enterobacterales,Enterobacteriaceae,Bacteria;Bacteria_none;Proteobacteria;Gammaproteobacteria;Enterobacterales;Enterobacteriaceae;Pseudocitrobacter
Shigella,54,0,7,124,14,30,133,10,135,35,21,8,82,50,109,70,16,12,105,37,48,7,0,1107,Bacteria,Bacteria_none,Proteobacteria,Gammaproteobacteria,Enterobacterales,Enterobacteriaceae,Bacteria;Bacteria_none;Proteobacteria;Gammaproteobacteria;Enterobacterales;Enterobacteriaceae;Shigella
Pantoea,0,0,0,0,0,0,0,0,0,0,0,0,0,0,0,0,0,0,0,0,18,0,0,18,Bacteria,Bacteria_none,Proteobacteria,Gammaproteobacteria,Enterobacterales,Erwiniaceae,Bacteria;Bacteria_none;Proteobacteria;Gammaproteobacteria;Enterobacterales;Erwiniaceae;Pantoea
Serratia,0,0,0,0,0,0,0,0,0,0,0,0,0,0,0,0,0,0,0,18,0,0,0,18,Bacteria,Bacteria_none,Proteobacteria,Gammaproteobacteria,Enterobacterales,Yersiniaceae,Bacteria;Bacteria_none;Proteobacteria;Gammaproteobacteria;Enterobacterales;Yersiniaceae;Serratia
Acinetobacter,125,0,27,230,65,40,78,126,137,21,6,2,19,3,9,7,23,183,29,481,39,0,0,1650,Bacteria,Bacteria_none,Proteobacteria,Gammaproteobacteria,Moraxellales,Moraxellaceae,Bacteria;Bacteria_none;Proteobacteria;Gammaproteobacteria;Moraxellales;Moraxellaceae;Acinetobacter
Moraxella,0,0,0,0,0,0,0,0,0,0,6,0,0,0,0,0,0,15,0,0,3,0,0,24,Bacteria,Bacteria_none,Proteobacteria,Gammaproteobacteria,Moraxellales,Moraxellaceae,Bacteria;Bacteria_none;Proteobacteria;Gammaproteobacteria;Moraxellales;Moraxellaceae;Moraxella
Povalibacter,0,0,0,25,0,0,0,0,0,0,0,0,0,0,0,0,0,0,0,0,0,0,0,25,Bacteria,Bacteria_none,Proteobacteria,Gammaproteobacteria,Nevskiales,Steroidobacteraceae,Bacteria;Bacteria_none;Proteobacteria;Gammaproteobacteria;Nevskiales;Steroidobacteraceae;Povalibacter
Steroidobacter,0,0,0,5,0,0,17,0,0,0,0,0,0,0,0,0,0,0,0,0,0,0,0,22,Bacteria,Bacteria_none,Proteobacteria,Gammaproteobacteria,Nevskiales,Steroidobacteraceae,Bacteria;Bacteria_none;Proteobacteria;Gammaproteobacteria;Nevskiales;Steroidobacteraceae;Steroidobacter
Halomonas,0,0,0,23,0,0,27,0,0,0,14,0,0,0,0,4,0,0,0,0,1,0,0,69,Bacteria,Bacteria_none,Proteobacteria,Gammaproteobacteria,Oceanospirillales,Halomonadaceae,Bacteria;Bacteria_none;Proteobacteria;Gammaproteobacteria;Oceanospirillales;Halomonadaceae;Halomonas
Zymobacter,0,0,0,0,0,0,0,0,0,0,0,28,0,0,0,0,0,0,0,0,63,14,0,105,Bacteria,Bacteria_none,Proteobacteria,Gammaproteobacteria,Oceanospirillales,Halomonadaceae,Bacteria;Bacteria_none;Proteobacteria;Gammaproteobacteria;Oceanospirillales;Halomonadaceae;Zymobacter
Haemophilus,0,0,0,0,0,0,0,0,0,0,0,0,0,0,0,0,0,0,38,0,0,0,0,38,Bacteria,Bacteria_none,Proteobacteria,Gammaproteobacteria,Pasteurellales,Pasteurellaceae,Bacteria;Bacteria_none;Proteobacteria;Gammaproteobacteria;Pasteurellales;Pasteurellaceae;Haemophilus
Marinobacter,0,0,0,0,0,0,0,0,0,0,0,0,0,5,0,0,0,0,0,0,0,0,0,5,Bacteria,Bacteria_none,Proteobacteria,Gammaproteobacteria,Pseudomonadales,Marinobacteraceae,Bacteria;Bacteria_none;Proteobacteria;Gammaproteobacteria;Pseudomonadales;Marinobacteraceae;Marinobacter
Pseudomonas,471,2,206,1551,2032,155,467,212,53,6,79,74,47,11,17,12,14,9,88,126,36,45,0,5713,Bacteria,Bacteria_none,Proteobacteria,Gammaproteobacteria,Pseudomonadales,Pseudomonadaceae,Bacteria;Bacteria_none;Proteobacteria;Gammaproteobacteria;Pseudomonadales;Pseudomonadaceae;Pseudomonas
Stutzerimonas,23,0,1,0,27,0,0,0,31,1,0,0,0,8,2,0,12,82,0,52,0,20,0,259,Bacteria,Bacteria_none,Proteobacteria,Gammaproteobacteria,Pseudomonadales,Pseudomonadaceae,Bacteria;Bacteria_none;Proteobacteria;Gammaproteobacteria;Pseudomonadales;Pseudomonadaceae;Stutzerimonas
Luteimonas,0,0,0,0,0,116,0,0,0,0,0,0,0,0,0,0,2,0,0,1,0,0,0,119,Bacteria,Bacteria_none,Proteobacteria,Gammaproteobacteria,Xanthomonadales,Xanthomonadaceae,Bacteria;Bacteria_none;Proteobacteria;Gammaproteobacteria;Xanthomonadales;Xanthomonadaceae;Luteimonas
Lysobacter,0,0,0,0,0,12,0,0,0,0,0,0,0,0,0,0,4,22,78,93,0,0,0,209,Bacteria,Bacteria_none,Proteobacteria,Gammaproteobacteria,Xanthomonadales,Xanthomonadaceae,Bacteria;Bacteria_none;Proteobacteria;Gammaproteobacteria;Xanthomonadales;Xanthomonadaceae;Lysobacter
Pseudoxanthomonas,0,0,0,0,0,226,0,0,0,0,0,0,0,0,0,0,0,0,0,0,0,0,0,226,Bacteria,Bacteria_none,Proteobacteria,Gammaproteobacteria,Xanthomonadales,Xanthomonadaceae,Bacteria;Bacteria_none;Proteobacteria;Gammaproteobacteria;Xanthomonadales;Xanthomonadaceae;Pseudoxanthomonas
Stenotrophomonas,89,0,24,435,163,239,268,60,0,0,17,0,39,31,0,0,4,0,0,0,0,0,0,1369,Bacteria,Bacteria_none,Proteobacteria,Gammaproteobacteria,Xanthomonadales,Xanthomonadaceae,Bacteria;Bacteria_none;Proteobacteria;Gammaproteobacteria;Xanthomonadales;Xanthomonadaceae;Stenotrophomonas
Thermomonas,0,0,11,0,0,583,0,0,0,0,0,0,0,0,0,0,0,0,0,0,0,0,0,594,Bacteria,Bacteria_none,Proteobacteria,Gammaproteobacteria,Xanthomonadales,Xanthomonadaceae,Bacteria;Bacteria_none;Proteobacteria;Gammaproteobacteria;Xanthomonadales;Xanthomonadaceae;Thermomonas
Xanthomonas,0,0,0,0,36,5,0,0,272,0,0,0,0,0,0,0,4,67,19,0,45,0,0,448,Bacteria,Bacteria_none,Proteobacteria,Gammaproteobacteria,Xanthomonadales,Xanthomonadaceae,Bacteria;Bacteria_none;Proteobacteria;Gammaproteobacteria;Xanthomonadales;Xanthomonadaceae;Xanthomonas
Luteolibacter,0,0,0,0,0,5,0,0,0,0,0,0,0,0,0,0,0,0,0,0,0,0,0,5,Bacteria,Bacteria_none,Verrucomicrobia,Verrucomicrobiae,Verrucomicrobiales,Verrucomicrobiaceae,Bacteria;Bacteria_none;Verrucomicrobia;Verrucomicrobiae;Verrucomicrobiales;Verrucomicrobiaceae;Luteolibacter
Unknown,1458,129,583,6263,2669,2021,2156,484,1852,909,2604,724,3943,893,1156,1290,950,3889,2708,5784,1935,1925,27,46352,Unclassified,Unknown,Unknown,Unknown,Unknown,Unknown,Unclassified;Unknown;Unknown;Unknown;Unknown;Unknown;Unknown