genus,1047-OV,1082-OV,1202-OV,1279-OV,1330-OV,464-OV,481-OV,579-OV,581-OV,599-OV,640-OV,644A-OV,645-OV,713-OV,726-OV,728-OV,730-OV,731-OV,732-OV,733-OV,739-OV,740-OV,788-OV,936-OV,total,superkingdom,kingdom,phylum,class,order,family,tax
Aridibacter,0,0,0,0,0,0,0,0,0,0,17,0,0,0,0,0,0,0,0,0,0,0,0,0,17,Bacteria,Bacteria_none,Acidobacteria,Blastocatellia,Blastocatellales,Blastocatellaceae,Bacteria;Bacteria_none;Acidobacteria;Blastocatellia;Blastocatellales;Blastocatellaceae;Aridibacter
Blastocatella,0,0,0,0,0,0,0,0,0,0,53,0,0,0,0,0,0,0,0,0,0,0,0,0,53,Bacteria,Bacteria_none,Acidobacteria,Blastocatellia,Blastocatellales,Blastocatellaceae,Bacteria;Bacteria_none;Acidobacteria;Blastocatellia;Blastocatellales;Blastocatellaceae;Blastocatella
Actinomarinicola,0,0,0,0,0,0,0,0,0,0,0,0,0,0,0,0,0,0,0,13,0,0,0,0,13,Bacteria,Bacteria_none,Actinobacteria,Acidimicrobiia,Acidimicrobiales,Iamiaceae,Bacteria;Bacteria_none;Actinobacteria;Acidimicrobiia;Acidimicrobiales;Iamiaceae;Actinomarinicola
Aquihabitans,0,0,0,0,0,0,0,0,0,0,19,0,0,0,0,0,0,0,0,0,0,0,0,0,19,Bacteria,Bacteria_none,Actinobacteria,Acidimicrobiia,Acidimicrobiales,Iamiaceae,Bacteria;Bacteria_none;Actinobacteria;Acidimicrobiia;Acidimicrobiales;Iamiaceae;Aquihabitans
Desertimonas,0,0,0,0,0,0,0,0,11,0,0,0,11,0,0,0,0,0,1,0,0,0,0,0,23,Bacteria,Bacteria_none,Actinobacteria,Acidimicrobiia,Acidimicrobiales,Ilumatobacteraceae,Bacteria;Bacteria_none;Actinobacteria;Acidimicrobiia;Acidimicrobiales;Ilumatobacteraceae;Desertimonas
Ilumatobacter,0,0,0,0,2,0,0,0,0,0,0,0,0,0,0,0,0,0,0,0,0,15,0,0,17,Bacteria,Bacteria_none,Actinobacteria,Acidimicrobiia,Acidimicrobiales,Ilumatobacteraceae,Bacteria;Bacteria_none;Actinobacteria;Acidimicrobiia;Acidimicrobiales;Ilumatobacteraceae;Ilumatobacter
Acidothermus,0,0,0,0,0,0,0,0,0,0,0,0,4,0,0,0,0,0,0,0,0,0,0,0,4,Bacteria,Bacteria_none,Actinobacteria,Actinomycetia,Acidothermales,Acidothermaceae,Bacteria;Bacteria_none;Actinobacteria;Actinomycetia;Acidothermales;Acidothermaceae;Acidothermus
Flaviflexus,0,0,0,0,0,0,0,0,0,0,0,0,0,0,0,0,0,0,0,7,0,0,0,0,7,Bacteria,Bacteria_none,Actinobacteria,Actinomycetia,Actinomycetales,Actinomycetaceae,Bacteria;Bacteria_none;Actinobacteria;Actinomycetia;Actinomycetales;Actinomycetaceae;Flaviflexus
Corynebacterium,0,13,0,0,2,0,0,5,751,0,14,0,16,0,5,8,0,26,13,462,0,0,0,0,1315,Bacteria,Bacteria_none,Actinobacteria,Actinomycetia,Corynebacteriales,Corynebacteriaceae,Bacteria;Bacteria_none;Actinobacteria;Actinomycetia;Corynebacteriales;Corynebacteriaceae;Corynebacterium
Dietzia,0,0,0,0,0,0,0,0,2,0,11,0,0,0,0,0,0,10,4,1163,19,16,0,0,1225,Bacteria,Bacteria_none,Actinobacteria,Actinomycetia,Corynebacteriales,Dietziaceae,Bacteria;Bacteria_none;Actinobacteria;Actinomycetia;Corynebacteriales;Dietziaceae;Dietzia
Mycobacterium,0,0,0,0,0,0,0,0,0,0,3,0,0,0,0,0,0,0,0,0,0,0,0,0,3,Bacteria,Bacteria_none,Actinobacteria,Actinomycetia,Corynebacteriales,Mycobacteriaceae,Bacteria;Bacteria_none;Actinobacteria;Actinomycetia;Corynebacteriales;Mycobacteriaceae;Mycobacterium
Mycolicibacterium,0,0,0,0,0,0,0,0,0,0,15,0,0,0,0,0,0,0,0,0,0,0,0,0,15,Bacteria,Bacteria_none,Actinobacteria,Actinomycetia,Corynebacteriales,Mycobacteriaceae,Bacteria;Bacteria_none;Actinobacteria;Actinomycetia;Corynebacteriales;Mycobacteriaceae;Mycolicibacterium
Nocardia,0,0,0,0,0,0,0,0,0,0,0,0,69,0,0,0,0,0,0,0,0,0,0,0,69,Bacteria,Bacteria_none,Actinobacteria,Actinomycetia,Corynebacteriales,Nocardiaceae,Bacteria;Bacteria_none;Actinobacteria;Actinomycetia;Corynebacteriales;Nocardiaceae;Nocardia
Rhodococcus,10,0,4,55,0,0,0,11,0,0,2,0,0,0,0,0,0,0,0,8,0,21,0,0,111,Bacteria,Bacteria_none,Actinobacteria,Actinomycetia,Corynebacteriales,Nocardiaceae,Bacteria;Bacteria_none;Actinobacteria;Actinomycetia;Corynebacteriales;Nocardiaceae;Rhodococcus
Blastococcus,0,0,0,0,0,0,0,0,0,0,0,0,0,0,0,0,0,0,31,0,0,0,0,0,31,Bacteria,Bacteria_none,Actinobacteria,Actinomycetia,Geodermatophilales,Geodermatophilaceae,Bacteria;Bacteria_none;Actinobacteria;Actinomycetia;Geodermatophilales;Geodermatophilaceae;Blastococcus
Geodermatophilus,0,0,0,0,3,0,0,0,0,0,0,0,0,0,0,0,0,0,0,0,0,0,0,0,3,Bacteria,Bacteria_none,Actinobacteria,Actinomycetia,Geodermatophilales,Geodermatophilaceae,Bacteria;Bacteria_none;Actinobacteria;Actinomycetia;Geodermatophilales;Geodermatophilaceae;Geodermatophilus
Georgenia,0,0,0,0,0,0,0,0,0,0,0,0,0,0,0,0,0,19,1,28,0,0,0,0,48,Bacteria,Bacteria_none,Actinobacteria,Actinomycetia,Micrococcales,Bogoriellaceae,Bacteria;Bacteria_none;Actinobacteria;Actinomycetia;Micrococcales;Bogoriellaceae;Georgenia
Brevibacterium,0,0,0,0,0,0,0,0,0,0,0,0,0,0,0,0,0,0,0,18,0,23,0,8,49,Bacteria,Bacteria_none,Actinobacteria,Actinomycetia,Micrococcales,Brevibacteriaceae,Bacteria;Bacteria_none;Actinobacteria;Actinomycetia;Micrococcales;Brevibacteriaceae;Brevibacterium
Cellulomonas,0,0,0,0,0,0,0,0,0,0,0,0,0,0,0,0,0,0,12,0,0,0,0,0,12,Bacteria,Bacteria_none,Actinobacteria,Actinomycetia,Micrococcales,Cellulomonadaceae,Bacteria;Bacteria_none;Actinobacteria;Actinomycetia;Micrococcales;Cellulomonadaceae;Cellulomonas
Brachybacterium,0,0,0,0,0,0,1,0,0,0,0,0,0,0,0,0,0,0,0,137,0,13,0,0,151,Bacteria,Bacteria_none,Actinobacteria,Actinomycetia,Micrococcales,Dermabacteraceae,Bacteria;Bacteria_none;Actinobacteria;Actinomycetia;Micrococcales;Dermabacteraceae;Brachybacterium
Ornithinicoccus,0,0,0,0,0,0,0,0,0,0,13,0,0,0,0,0,0,0,0,0,0,0,0,0,13,Bacteria,Bacteria_none,Actinobacteria,Actinomycetia,Micrococcales,Intrasporangiaceae,Bacteria;Bacteria_none;Actinobacteria;Actinomycetia;Micrococcales;Intrasporangiaceae;Ornithinicoccus
Curtobacterium,0,0,0,0,0,0,0,0,0,0,14,0,0,0,0,0,0,0,0,0,0,0,0,0,14,Bacteria,Bacteria_none,Actinobacteria,Actinomycetia,Micrococcales,Microbacteriaceae,Bacteria;Bacteria_none;Actinobacteria;Actinomycetia;Micrococcales;Microbacteriaceae;Curtobacterium
Microbacterium,0,0,0,17,0,0,0,0,0,0,5,0,29,0,0,0,0,0,0,6,0,10,0,0,67,Bacteria,Bacteria_none,Actinobacteria,Actinomycetia,Micrococcales,Microbacteriaceae,Bacteria;Bacteria_none;Actinobacteria;Actinomycetia;Micrococcales;Microbacteriaceae;Microbacterium
Pseudolysinimonas,0,0,0,0,0,0,0,0,0,0,0,4,0,0,0,0,0,0,0,0,0,0,0,0,4,Bacteria,Bacteria_none,Actinobacteria,Actinomycetia,Micrococcales,Microbacteriaceae,Bacteria;Bacteria_none;Actinobacteria;Actinomycetia;Micrococcales;Microbacteriaceae;Pseudolysinimonas
Citricoccus,0,0,0,24,0,0,0,0,0,0,58,0,0,0,0,0,0,0,0,0,0,0,0,0,82,Bacteria,Bacteria_none,Actinobacteria,Actinomycetia,Micrococcales,Micrococcaceae,Bacteria;Bacteria_none;Actinobacteria;Actinomycetia;Micrococcales;Micrococcaceae;Citricoccus
Enteractinococcus,0,0,0,0,0,0,0,0,180,0,6,0,0,0,0,0,0,81,18,192,0,9,0,0,486,Bacteria,Bacteria_none,Actinobacteria,Actinomycetia,Micrococcales,Micrococcaceae,Bacteria;Bacteria_none;Actinobacteria;Actinomycetia;Micrococcales;Micrococcaceae;Enteractinococcus
Garicola,0,0,0,0,0,0,0,0,1,0,0,0,0,0,0,0,0,0,0,4,0,0,0,0,5,Bacteria,Bacteria_none,Actinobacteria,Actinomycetia,Micrococcales,Micrococcaceae,Bacteria;Bacteria_none;Actinobacteria;Actinomycetia;Micrococcales;Micrococcaceae;Garicola
Kocuria,0,0,13,204,0,0,0,0,0,0,0,0,0,0,0,0,0,0,0,12,0,0,0,8,237,Bacteria,Bacteria_none,Actinobacteria,Actinomycetia,Micrococcales,Micrococcaceae,Bacteria;Bacteria_none;Actinobacteria;Actinomycetia;Micrococcales;Micrococcaceae;Kocuria
Micrococcus,0,0,0,0,0,0,0,3,0,0,0,0,61,0,31,0,0,0,2,120,0,0,0,0,217,Bacteria,Bacteria_none,Actinobacteria,Actinomycetia,Micrococcales,Micrococcaceae,Bacteria;Bacteria_none;Actinobacteria;Actinomycetia;Micrococcales;Micrococcaceae;Micrococcus
Nesterenkonia,0,0,0,0,0,0,0,0,8,0,0,0,0,0,0,0,0,16,0,65,0,0,0,0,89,Bacteria,Bacteria_none,Actinobacteria,Actinomycetia,Micrococcales,Micrococcaceae,Bacteria;Bacteria_none;Actinobacteria;Actinomycetia;Micrococcales;Micrococcaceae;Nesterenkonia
Yaniella,0,0,0,0,0,0,0,0,14,0,0,0,0,0,0,0,0,62,15,1,0,0,0,0,92,Bacteria,Bacteria_none,Actinobacteria,Actinomycetia,Micrococcales,Micrococcaceae,Bacteria;Bacteria_none;Actinobacteria;Actinomycetia;Micrococcales;Micrococcaceae;Yaniella
Ornithinimicrobium,0,0,0,0,0,0,0,0,0,0,0,0,0,0,1,0,0,0,0,108,0,54,0,0,163,Bacteria,Bacteria_none,Actinobacteria,Actinomycetia,Micrococcales,Ornithinimicrobiaceae,Bacteria;Bacteria_none;Actinobacteria;Actinomycetia;Micrococcales;Ornithinimicrobiaceae;Ornithinimicrobium
Serinicoccus,0,0,0,0,0,0,0,0,0,0,0,0,0,0,74,0,0,0,0,0,0,0,0,0,74,Bacteria,Bacteria_none,Actinobacteria,Actinomycetia,Micrococcales,Ornithinimicrobiaceae,Bacteria;Bacteria_none;Actinobacteria;Actinomycetia;Micrococcales;Ornithinimicrobiaceae;Serinicoccus
Promicromonospora,0,0,0,0,0,0,0,0,13,0,0,0,0,0,0,0,0,0,0,0,0,0,0,0,13,Bacteria,Bacteria_none,Actinobacteria,Actinomycetia,Micrococcales,Promicromonosporaceae,Bacteria;Bacteria_none;Actinobacteria;Actinomycetia;Micrococcales;Promicromonosporaceae;Promicromonospora
Actinoplanes,0,0,0,9,0,0,0,0,0,0,0,0,246,0,0,0,0,0,0,0,0,1,0,0,256,Bacteria,Bacteria_none,Actinobacteria,Actinomycetia,Micromonosporales,Micromonosporaceae,Bacteria;Bacteria_none;Actinobacteria;Actinomycetia;Micromonosporales;Micromonosporaceae;Actinoplanes
Krasilnikovia,0,0,0,7,0,0,0,0,0,0,0,0,1,0,0,0,0,0,0,0,0,0,0,0,8,Bacteria,Bacteria_none,Actinobacteria,Actinomycetia,Micromonosporales,Micromonosporaceae,Bacteria;Bacteria_none;Actinobacteria;Actinomycetia;Micromonosporales;Micromonosporaceae;Krasilnikovia
Micromonospora,0,0,0,0,0,0,0,0,0,0,0,0,6,0,0,0,0,0,0,0,0,0,0,0,6,Bacteria,Bacteria_none,Actinobacteria,Actinomycetia,Micromonosporales,Micromonosporaceae,Bacteria;Bacteria_none;Actinobacteria;Actinomycetia;Micromonosporales;Micromonosporaceae;Micromonospora
Wangella,0,0,0,1,0,0,0,0,0,0,0,0,1,0,0,0,0,0,0,0,0,0,0,0,2,Bacteria,Bacteria_none,Actinobacteria,Actinomycetia,Micromonosporales,Micromonosporaceae,Bacteria;Bacteria_none;Actinobacteria;Actinomycetia;Micromonosporales;Micromonosporaceae;Wangella
Marmoricola,0,0,0,0,0,0,0,0,0,0,7,0,3,0,0,0,0,0,6,0,0,0,0,0,16,Bacteria,Bacteria_none,Actinobacteria,Actinomycetia,Propionibacteriales,Nocardioidaceae,Bacteria;Bacteria_none;Actinobacteria;Actinomycetia;Propionibacteriales;Nocardioidaceae;Marmoricola
Nocardioides,0,18,0,14,0,0,0,0,12,0,48,0,54,0,0,0,0,0,7,24,0,0,0,1,178,Bacteria,Bacteria_none,Actinobacteria,Actinomycetia,Propionibacteriales,Nocardioidaceae,Bacteria;Bacteria_none;Actinobacteria;Actinomycetia;Propionibacteriales;Nocardioidaceae;Nocardioides
Cutibacterium,0,0,49,38,21,221,7,32,16,141,404,7,300,0,148,54,0,104,9,81,57,0,126,6,1821,Bacteria,Bacteria_none,Actinobacteria,Actinomycetia,Propionibacteriales,Propionibacteriaceae,Bacteria;Bacteria_none;Actinobacteria;Actinomycetia;Propionibacteriales;Propionibacteriaceae;Cutibacterium
Mariniluteicoccus,0,0,0,0,0,0,0,0,0,0,0,0,1,0,0,0,0,0,0,0,0,1,0,0,2,Bacteria,Bacteria_none,Actinobacteria,Actinomycetia,Propionibacteriales,Propionibacteriaceae,Bacteria;Bacteria_none;Actinobacteria;Actinomycetia;Propionibacteriales;Propionibacteriaceae;Mariniluteicoccus
Microlunatus,0,0,0,0,0,0,0,0,0,0,0,0,165,0,0,0,0,0,0,0,0,0,0,0,165,Bacteria,Bacteria_none,Actinobacteria,Actinomycetia,Propionibacteriales,Propionibacteriaceae,Bacteria;Bacteria_none;Actinobacteria;Actinomycetia;Propionibacteriales;Propionibacteriaceae;Microlunatus
Tessaracoccus,0,0,0,0,0,0,0,0,0,34,25,0,0,0,0,0,0,0,0,0,0,0,0,0,59,Bacteria,Bacteria_none,Actinobacteria,Actinomycetia,Propionibacteriales,Propionibacteriaceae,Bacteria;Bacteria_none;Actinobacteria;Actinomycetia;Propionibacteriales;Propionibacteriaceae;Tessaracoccus
Actinomycetospora,0,0,0,0,0,0,0,0,0,0,10,0,0,0,0,0,0,0,10,0,0,0,0,0,20,Bacteria,Bacteria_none,Actinobacteria,Actinomycetia,Pseudonocardiales,Pseudonocardiaceae,Bacteria;Bacteria_none;Actinobacteria;Actinomycetia;Pseudonocardiales;Pseudonocardiaceae;Actinomycetospora
Allosaccharopolyspora,0,0,0,0,0,0,0,0,0,0,0,0,0,0,0,0,0,18,0,0,0,0,0,0,18,Bacteria,Bacteria_none,Actinobacteria,Actinomycetia,Pseudonocardiales,Pseudonocardiaceae,Bacteria;Bacteria_none;Actinobacteria;Actinomycetia;Pseudonocardiales;Pseudonocardiaceae;Allosaccharopolyspora
Pseudonocardia,0,0,0,0,0,0,0,0,0,0,0,0,28,0,0,0,0,0,7,0,0,0,0,0,35,Bacteria,Bacteria_none,Actinobacteria,Actinomycetia,Pseudonocardiales,Pseudonocardiaceae,Bacteria;Bacteria_none;Actinobacteria;Actinomycetia;Pseudonocardiales;Pseudonocardiaceae;Pseudonocardia
Saccharopolyspora,0,0,0,0,20,0,0,0,3,0,0,0,0,0,0,0,0,0,0,0,0,0,0,0,23,Bacteria,Bacteria_none,Actinobacteria,Actinomycetia,Pseudonocardiales,Pseudonocardiaceae,Bacteria;Bacteria_none;Actinobacteria;Actinomycetia;Pseudonocardiales;Pseudonocardiaceae;Saccharopolyspora
Sporichthya,0,0,0,0,0,0,0,0,0,0,0,0,2,0,0,0,0,0,0,0,0,0,0,0,2,Bacteria,Bacteria_none,Actinobacteria,Actinomycetia,Sporichthyales,Sporichthyaceae,Bacteria;Bacteria_none;Actinobacteria;Actinomycetia;Sporichthyales;Sporichthyaceae;Sporichthya
Streptomyces,0,0,0,8,0,0,0,0,0,0,0,0,0,0,0,0,0,0,0,0,0,0,0,0,8,Bacteria,Bacteria_none,Actinobacteria,Actinomycetia,Streptomycetales,Streptomycetaceae,Bacteria;Bacteria_none;Actinobacteria;Actinomycetia;Streptomycetales;Streptomycetaceae;Streptomyces
Nocardiopsis,0,0,0,0,0,0,0,0,10,0,0,0,0,0,0,0,0,14,11,0,0,0,0,0,35,Bacteria,Bacteria_none,Actinobacteria,Actinomycetia,Streptosporangiales,Nocardiopsaceae,Bacteria;Bacteria_none;Actinobacteria;Actinomycetia;Streptosporangiales;Nocardiopsaceae;Nocardiopsis
Nonomuraea,0,0,0,0,0,0,0,0,0,0,0,0,31,0,0,0,0,0,0,0,0,0,0,0,31,Bacteria,Bacteria_none,Actinobacteria,Actinomycetia,Streptosporangiales,Streptosporangiaceae,Bacteria;Bacteria_none;Actinobacteria;Actinomycetia;Streptosporangiales;Streptosporangiaceae;Nonomuraea
Thermophilibacter,0,0,0,0,0,0,0,0,0,0,0,0,0,0,0,0,0,0,0,0,0,0,0,7,7,Bacteria,Bacteria_none,Actinobacteria,Coriobacteriia,Coriobacteriales,Atopobiaceae,Bacteria;Bacteria_none;Actinobacteria;Coriobacteriia;Coriobacteriales;Atopobiaceae;Thermophilibacter
Nitriliruptor,0,0,0,0,0,0,0,0,0,0,2,0,0,0,0,0,0,0,0,0,0,0,0,0,2,Bacteria,Bacteria_none,Actinobacteria,Nitriliruptoria,Nitriliruptorales,Nitriliruptoraceae,Bacteria;Bacteria_none;Actinobacteria;Nitriliruptoria;Nitriliruptorales;Nitriliruptoraceae;Nitriliruptor
Gaiella,0,0,0,0,0,0,0,0,0,0,0,0,6,0,0,0,0,0,0,0,0,0,0,0,6,Bacteria,Bacteria_none,Actinobacteria,Rubrobacteria,Gaiellales,Gaiellaceae,Bacteria;Bacteria_none;Actinobacteria;Rubrobacteria;Gaiellales;Gaiellaceae;Gaiella
Rubrobacter,0,0,0,1,0,0,0,0,0,0,9,0,13,0,0,0,0,0,0,0,0,0,0,0,23,Bacteria,Bacteria_none,Actinobacteria,Rubrobacteria,Rubrobacterales,Rubrobacteraceae,Bacteria;Bacteria_none;Actinobacteria;Rubrobacteria;Rubrobacterales;Rubrobacteraceae;Rubrobacter
Parviterribacter,0,0,2,0,0,0,0,0,0,0,0,0,0,0,0,0,0,0,0,0,0,0,0,0,2,Bacteria,Bacteria_none,Actinobacteria,Thermoleophilia,Solirubrobacterales,Parviterribacteraceae,Bacteria;Bacteria_none;Actinobacteria;Thermoleophilia;Solirubrobacterales;Parviterribacteraceae;Parviterribacter
Bacteroides,0,0,0,0,0,0,0,0,0,0,0,0,0,0,0,0,0,0,0,0,0,0,0,10,10,Bacteria,Bacteria_none,Bacteroidota,Bacteroidia,Bacteroidales,Bacteroidaceae,Bacteria;Bacteria_none;Bacteroidota;Bacteroidia;Bacteroidales;Bacteroidaceae;Bacteroides
Caecibacteroides,0,0,0,0,0,0,0,0,0,0,0,0,0,0,0,0,0,0,0,0,0,0,0,6,6,Bacteria,Bacteria_none,Bacteroidota,Bacteroidia,Bacteroidales,Bacteroidaceae,Bacteria;Bacteria_none;Bacteroidota;Bacteroidia;Bacteroidales;Bacteroidaceae;Caecibacteroides
Phocaeicola,0,0,0,0,0,0,0,0,0,0,0,0,0,0,0,0,0,0,0,0,0,0,0,12,12,Bacteria,Bacteria_none,Bacteroidota,Bacteroidia,Bacteroidales,Bacteroidaceae,Bacteria;Bacteria_none;Bacteroidota;Bacteroidia;Bacteroidales;Bacteroidaceae;Phocaeicola
Fermentimonas,0,0,0,0,0,0,0,0,0,0,0,0,0,0,0,0,0,0,7,0,0,0,0,0,7,Bacteria,Bacteria_none,Bacteroidota,Bacteroidia,Bacteroidales,Dysgonomonadaceae,Bacteria;Bacteria_none;Bacteroidota;Bacteroidia;Bacteroidales;Dysgonomonadaceae;Fermentimonas
Cnuella,0,0,0,0,0,0,0,0,0,5,0,0,0,0,0,0,0,0,0,0,0,0,0,0,5,Bacteria,Bacteria_none,Bacteroidota,Chitinophagia,Chitinophagales,Chitinophagaceae,Bacteria;Bacteria_none;Bacteroidota;Chitinophagia;Chitinophagales;Chitinophagaceae;Cnuella
Ferruginibacter,0,0,0,0,0,0,0,0,0,0,138,13,0,0,0,0,0,0,0,0,0,0,0,0,151,Bacteria,Bacteria_none,Bacteroidota,Chitinophagia,Chitinophagales,Chitinophagaceae,Bacteria;Bacteria_none;Bacteroidota;Chitinophagia;Chitinophagales;Chitinophagaceae;Ferruginibacter
Flavihumibacter,0,0,0,0,0,0,0,0,0,0,0,0,0,0,0,0,0,0,10,0,0,0,0,0,10,Bacteria,Bacteria_none,Bacteroidota,Chitinophagia,Chitinophagales,Chitinophagaceae,Bacteria;Bacteria_none;Bacteroidota;Chitinophagia;Chitinophagales;Chitinophagaceae;Flavihumibacter
Flavisolibacter,0,0,0,0,0,0,0,0,0,0,4,34,0,0,0,0,0,0,0,0,0,0,0,0,38,Bacteria,Bacteria_none,Bacteroidota,Chitinophagia,Chitinophagales,Chitinophagaceae,Bacteria;Bacteria_none;Bacteroidota;Chitinophagia;Chitinophagales;Chitinophagaceae;Flavisolibacter
Hydrobacter,0,0,0,0,0,0,0,0,0,0,0,0,10,0,0,0,0,0,1,1,0,0,0,0,12,Bacteria,Bacteria_none,Bacteroidota,Chitinophagia,Chitinophagales,Chitinophagaceae,Bacteria;Bacteria_none;Bacteroidota;Chitinophagia;Chitinophagales;Chitinophagaceae;Hydrobacter
Sediminibacterium,0,8,0,0,0,9,0,46,0,0,0,0,22,0,0,0,0,0,6,6,0,0,0,0,97,Bacteria,Bacteria_none,Bacteroidota,Chitinophagia,Chitinophagales,Chitinophagaceae,Bacteria;Bacteria_none;Bacteroidota;Chitinophagia;Chitinophagales;Chitinophagaceae;Sediminibacterium
Terrimonas,0,0,0,0,0,0,0,0,6,0,0,0,0,0,0,0,0,0,0,0,0,0,0,0,6,Bacteria,Bacteria_none,Bacteroidota,Chitinophagia,Chitinophagales,Chitinophagaceae,Bacteria;Bacteria_none;Bacteroidota;Chitinophagia;Chitinophagales;Chitinophagaceae;Terrimonas
Rhodocytophaga,0,0,0,0,5,0,0,0,0,0,0,0,0,0,0,0,0,0,9,0,0,0,0,0,14,Bacteria,Bacteria_none,Bacteroidota,Cytophagia,Cytophagales,Cytophagaceae,Bacteria;Bacteria_none;Bacteroidota;Cytophagia;Cytophagales;Cytophagaceae;Rhodocytophaga
Spirosoma,0,0,0,0,9,100,0,0,0,0,0,30,0,0,0,0,0,0,0,0,0,0,0,0,139,Bacteria,Bacteria_none,Bacteroidota,Cytophagia,Cytophagales,Cytophagaceae,Bacteria;Bacteria_none;Bacteroidota;Cytophagia;Cytophagales;Cytophagaceae;Spirosoma
Hymenobacter,36,233,8,316,47,0,0,58,0,694,86,18,126,0,5,156,0,0,86,11,66,138,163,157,2404,Bacteria,Bacteria_none,Bacteroidota,Cytophagia,Cytophagales,Hymenobacteraceae,Bacteria;Bacteria_none;Bacteroidota;Cytophagia;Cytophagales;Hymenobacteraceae;Hymenobacter
Pontibacter,0,44,0,0,0,0,0,0,0,0,0,0,0,36,0,0,0,0,0,0,0,0,0,0,80,Bacteria,Bacteria_none,Bacteroidota,Cytophagia,Cytophagales,Hymenobacteraceae,Bacteria;Bacteria_none;Bacteroidota;Cytophagia;Cytophagales;Hymenobacteraceae;Pontibacter
Dyadobacter,12,0,0,0,0,0,0,0,0,0,0,0,0,0,0,0,0,0,0,0,0,0,0,0,12,Bacteria,Bacteria_none,Bacteroidota,Cytophagia,Cytophagales,Spirosomaceae,Bacteria;Bacteria_none;Bacteroidota;Cytophagia;Cytophagales;Spirosomaceae;Dyadobacter
Fluviicola,4,0,0,0,0,0,0,0,0,0,0,0,0,0,0,0,0,0,0,0,0,0,0,0,4,Bacteria,Bacteria_none,Bacteroidota,Flavobacteriia,Flavobacteriales,Crocinitomicaceae,Bacteria;Bacteria_none;Bacteroidota;Flavobacteriia;Flavobacteriales;Crocinitomicaceae;Fluviicola
Flavobacterium,2287,224,388,70,0,0,0,0,0,0,0,2,34,0,0,0,0,0,0,2,0,7,0,0,3014,Bacteria,Bacteria_none,Bacteroidota,Flavobacteriia,Flavobacteriales,Flavobacteriaceae,Bacteria;Bacteria_none;Bacteroidota;Flavobacteriia;Flavobacteriales;Flavobacteriaceae;Flavobacterium
Chryseobacterium,0,0,0,29,0,0,0,0,0,0,0,0,0,0,0,0,0,0,0,0,0,0,0,0,29,Bacteria,Bacteria_none,Bacteroidota,Flavobacteriia,Flavobacteriales,Weeksellaceae,Bacteria;Bacteria_none;Bacteroidota;Flavobacteriia;Flavobacteriales;Weeksellaceae;Chryseobacterium
Empedobacter,0,0,0,0,0,0,0,0,0,0,0,0,8,0,0,0,0,0,0,0,0,0,0,0,8,Bacteria,Bacteria_none,Bacteroidota,Flavobacteriia,Flavobacteriales,Weeksellaceae,Bacteria;Bacteria_none;Bacteroidota;Flavobacteriia;Flavobacteriales;Weeksellaceae;Empedobacter
Epilithonimonas,0,0,18,0,0,0,0,0,0,0,0,0,0,0,0,0,0,0,0,0,0,0,0,0,18,Bacteria,Bacteria_none,Bacteroidota,Flavobacteriia,Flavobacteriales,Weeksellaceae,Bacteria;Bacteria_none;Bacteroidota;Flavobacteriia;Flavobacteriales;Weeksellaceae;Epilithonimonas
Pedobacter,23,0,0,143,0,0,0,0,0,0,0,0,0,0,0,47,0,0,0,0,89,9,0,0,311,Bacteria,Bacteria_none,Bacteroidota,Sphingobacteriia,Sphingobacteriales,Sphingobacteriaceae,Bacteria;Bacteria_none;Bacteroidota;Sphingobacteriia;Sphingobacteriales;Sphingobacteriaceae;Pedobacter
Amphibacillus,0,0,0,0,0,0,0,0,4,0,0,0,0,0,0,0,0,0,0,2,0,0,0,0,6,Bacteria,Bacteria_none,Firmicutes,Bacilli,Bacillales,Bacillaceae,Bacteria;Bacteria_none;Firmicutes;Bacilli;Bacillales;Bacillaceae;Amphibacillus
Bacillus,0,0,0,0,0,0,0,0,169,234,50,18,1,0,0,84,0,0,1,0,0,24,0,0,581,Bacteria,Bacteria_none,Firmicutes,Bacilli,Bacillales,Bacillaceae,Bacteria;Bacteria_none;Firmicutes;Bacilli;Bacillales;Bacillaceae;Bacillus
Cytobacillus,0,0,0,0,0,0,0,0,66,0,5,0,0,0,12,0,0,0,0,0,0,2,0,0,85,Bacteria,Bacteria_none,Firmicutes,Bacilli,Bacillales,Bacillaceae,Bacteria;Bacteria_none;Firmicutes;Bacilli;Bacillales;Bacillaceae;Cytobacillus
Fredinandcohnia,0,0,0,0,0,0,0,0,6,0,0,0,0,0,0,0,0,0,0,0,0,0,0,0,6,Bacteria,Bacteria_none,Firmicutes,Bacilli,Bacillales,Bacillaceae,Bacteria;Bacteria_none;Firmicutes;Bacilli;Bacillales;Bacillaceae;Fredinandcohnia
Lysinibacillus,0,0,0,0,0,0,0,0,0,0,242,0,0,0,0,0,0,0,0,14,0,16,0,0,272,Bacteria,Bacteria_none,Firmicutes,Bacilli,Bacillales,Bacillaceae,Bacteria;Bacteria_none;Firmicutes;Bacilli;Bacillales;Bacillaceae;Lysinibacillus
Mesobacillus,0,0,0,0,0,0,0,0,1,0,197,0,43,0,0,0,0,0,0,0,0,0,0,0,241,Bacteria,Bacteria_none,Firmicutes,Bacilli,Bacillales,Bacillaceae,Bacteria;Bacteria_none;Firmicutes;Bacilli;Bacillales;Bacillaceae;Mesobacillus
Metabacillus,0,0,0,0,0,0,0,0,217,0,0,0,0,0,0,0,0,0,0,0,0,0,0,0,217,Bacteria,Bacteria_none,Firmicutes,Bacilli,Bacillales,Bacillaceae,Bacteria;Bacteria_none;Firmicutes;Bacilli;Bacillales;Bacillaceae;Metabacillus
Neobacillus,0,0,0,0,0,0,0,0,44,0,2,0,0,0,0,0,0,0,33,0,0,0,0,0,79,Bacteria,Bacteria_none,Firmicutes,Bacilli,Bacillales,Bacillaceae,Bacteria;Bacteria_none;Firmicutes;Bacilli;Bacillales;Bacillaceae;Neobacillus
Niallia,0,0,30,0,0,0,0,0,497,0,0,0,0,0,0,0,0,0,0,0,0,1,0,0,528,Bacteria,Bacteria_none,Firmicutes,Bacilli,Bacillales,Bacillaceae,Bacteria;Bacteria_none;Firmicutes;Bacilli;Bacillales;Bacillaceae;Niallia
Oceanobacillus,0,0,0,0,0,0,0,0,11,0,0,0,0,0,0,0,0,0,0,0,0,8,0,0,19,Bacteria,Bacteria_none,Firmicutes,Bacilli,Bacillales,Bacillaceae,Bacteria;Bacteria_none;Firmicutes;Bacilli;Bacillales;Bacillaceae;Oceanobacillus
Peribacillus,678,355,217,343,24,722,8,353,505,990,686,0,1211,1953,1827,311,0,176,463,94,1496,136,387,88,13023,Bacteria,Bacteria_none,Firmicutes,Bacilli,Bacillales,Bacillaceae,Bacteria;Bacteria_none;Firmicutes;Bacilli;Bacillales;Bacillaceae;Peribacillus
Priestia,0,0,77,0,0,0,0,0,0,0,0,0,153,0,0,0,0,0,0,0,0,0,0,0,230,Bacteria,Bacteria_none,Firmicutes,Bacilli,Bacillales,Bacillaceae,Bacteria;Bacteria_none;Firmicutes;Bacilli;Bacillales;Bacillaceae;Priestia
Exiguobacterium,0,0,0,0,0,0,0,0,0,0,141,0,0,0,0,0,0,0,0,0,0,0,0,0,141,Bacteria,Bacteria_none,Firmicutes,Bacilli,Bacillales,Bacillales_Incertae_sedis,Bacteria;Bacteria_none;Firmicutes;Bacilli;Bacillales;Bacillales_Incertae_sedis;Exiguobacterium
Ammoniphilus,0,0,9,0,0,0,0,0,0,0,0,0,0,0,0,0,0,0,0,0,0,0,0,0,9,Bacteria,Bacteria_none,Firmicutes,Bacilli,Bacillales,Paenibacillaceae,Bacteria;Bacteria_none;Firmicutes;Bacilli;Bacillales;Paenibacillaceae;Ammoniphilus
Paenibacillus,0,0,22,0,0,0,0,0,51,0,0,0,0,0,0,0,0,0,0,0,0,0,0,11,84,Bacteria,Bacteria_none,Firmicutes,Bacilli,Bacillales,Paenibacillaceae,Bacteria;Bacteria_none;Firmicutes;Bacilli;Bacillales;Paenibacillaceae;Paenibacillus
Bhargavaea,0,0,0,0,0,0,0,0,83,0,0,0,0,0,0,0,0,0,0,0,0,0,0,0,83,Bacteria,Bacteria_none,Firmicutes,Bacilli,Bacillales,Planococcaceae,Bacteria;Bacteria_none;Firmicutes;Bacilli;Bacillales;Planococcaceae;Bhargavaea
Jeotgalibacillus,0,0,0,0,0,0,0,0,0,0,0,0,0,0,0,0,0,0,0,28,0,0,0,0,28,Bacteria,Bacteria_none,Firmicutes,Bacilli,Bacillales,Planococcaceae,Bacteria;Bacteria_none;Firmicutes;Bacilli;Bacillales;Planococcaceae;Jeotgalibacillus
Solibacillus,0,0,0,0,0,0,0,0,0,0,34,0,0,0,0,0,0,0,0,0,0,0,0,0,34,Bacteria,Bacteria_none,Firmicutes,Bacilli,Bacillales,Planococcaceae,Bacteria;Bacteria_none;Firmicutes;Bacilli;Bacillales;Planococcaceae;Solibacillus
Aliicoccus,0,35,0,0,0,0,0,0,131,0,0,0,0,0,0,0,0,37,0,56,0,0,0,0,259,Bacteria,Bacteria_none,Firmicutes,Bacilli,Bacillales,Staphylococcaceae,Bacteria;Bacteria_none;Firmicutes;Bacilli;Bacillales;Staphylococcaceae;Aliicoccus
Jeotgalicoccus,0,0,0,0,0,0,0,0,268,0,0,0,0,0,0,0,0,0,0,26,0,0,0,0,294,Bacteria,Bacteria_none,Firmicutes,Bacilli,Bacillales,Staphylococcaceae,Bacteria;Bacteria_none;Firmicutes;Bacilli;Bacillales;Staphylococcaceae;Jeotgalicoccus
Mammaliicoccus,0,0,0,0,0,0,0,0,0,0,0,0,0,0,0,0,0,0,0,0,3,0,0,0,3,Bacteria,Bacteria_none,Firmicutes,Bacilli,Bacillales,Staphylococcaceae,Bacteria;Bacteria_none;Firmicutes;Bacilli;Bacillales;Staphylococcaceae;Mammaliicoccus
Salinicoccus,0,0,0,0,0,0,0,0,1571,0,39,0,48,47,0,0,0,0,122,331,0,25,0,0,2183,Bacteria,Bacteria_none,Firmicutes,Bacilli,Bacillales,Staphylococcaceae,Bacteria;Bacteria_none;Firmicutes;Bacilli;Bacillales;Staphylococcaceae;Salinicoccus
Staphylococcus,16,5,25,81,0,0,1,4,6,28,0,0,80,185,1063,90,0,0,299,18,93,44,10,2,2050,Bacteria,Bacteria_none,Firmicutes,Bacilli,Bacillales,Staphylococcaceae,Bacteria;Bacteria_none;Firmicutes;Bacilli;Bacillales;Staphylococcaceae;Staphylococcus
Aerococcus,0,0,0,0,0,0,0,0,153,0,0,0,0,0,0,0,0,0,0,0,0,0,0,0,153,Bacteria,Bacteria_none,Firmicutes,Bacilli,Lactobacillales,Aerococcaceae,Bacteria;Bacteria_none;Firmicutes;Bacilli;Lactobacillales;Aerococcaceae;Aerococcus
Facklamia,0,0,0,0,0,0,0,0,23,0,0,0,0,0,0,0,0,0,0,9,0,0,0,0,32,Bacteria,Bacteria_none,Firmicutes,Bacilli,Lactobacillales,Aerococcaceae,Bacteria;Bacteria_none;Firmicutes;Bacilli;Lactobacillales;Aerococcaceae;Facklamia
Globicatella,0,0,0,0,0,0,0,0,0,0,0,0,49,0,0,0,0,0,0,0,0,0,0,0,49,Bacteria,Bacteria_none,Firmicutes,Bacilli,Lactobacillales,Aerococcaceae,Bacteria;Bacteria_none;Firmicutes;Bacilli;Lactobacillales;Aerococcaceae;Globicatella
Alkalibacterium,0,0,0,0,0,0,0,0,0,0,0,0,0,0,0,0,0,0,0,69,0,0,0,0,69,Bacteria,Bacteria_none,Firmicutes,Bacilli,Lactobacillales,Carnobacteriaceae,Bacteria;Bacteria_none;Firmicutes;Bacilli;Lactobacillales;Carnobacteriaceae;Alkalibacterium
Atopostipes,0,0,0,0,0,0,0,0,635,0,30,0,0,67,0,0,0,3,11,338,0,23,0,0,1107,Bacteria,Bacteria_none,Firmicutes,Bacilli,Lactobacillales,Carnobacteriaceae,Bacteria;Bacteria_none;Firmicutes;Bacilli;Lactobacillales;Carnobacteriaceae;Atopostipes
Lactobacillus,36,0,0,218,0,0,0,0,0,0,0,0,0,0,0,0,0,0,0,0,0,0,0,0,254,Bacteria,Bacteria_none,Firmicutes,Bacilli,Lactobacillales,Lactobacillaceae,Bacteria;Bacteria_none;Firmicutes;Bacilli;Lactobacillales;Lactobacillaceae;Lactobacillus
Ligilactobacillus,21,0,0,0,0,0,0,0,0,0,0,0,0,0,0,0,0,0,0,0,0,0,0,0,21,Bacteria,Bacteria_none,Firmicutes,Bacilli,Lactobacillales,Lactobacillaceae,Bacteria;Bacteria_none;Firmicutes;Bacilli;Lactobacillales;Lactobacillaceae;Ligilactobacillus
Clostridium,0,0,0,0,0,0,0,0,0,0,0,0,0,0,0,0,0,0,16,0,0,0,0,0,16,Bacteria,Bacteria_none,Firmicutes,Clostridia,Eubacteriales,Clostridiaceae,Bacteria;Bacteria_none;Firmicutes;Clostridia;Eubacteriales;Clostridiaceae;Clostridium
Sarcina,0,0,0,0,0,0,0,0,0,0,0,0,0,0,0,0,0,0,0,0,0,0,0,12,12,Bacteria,Bacteria_none,Firmicutes,Clostridia,Eubacteriales,Clostridiaceae,Bacteria;Bacteria_none;Firmicutes;Clostridia;Eubacteriales;Clostridiaceae;Sarcina
Cellulosilyticum,0,0,0,0,0,0,0,0,0,0,0,0,0,0,0,0,0,0,0,10,0,0,0,0,10,Bacteria,Bacteria_none,Firmicutes,Clostridia,Eubacteriales,Lachnospiraceae,Bacteria;Bacteria_none;Firmicutes;Clostridia;Eubacteriales;Lachnospiraceae;Cellulosilyticum
Mediterraneibacter,0,0,0,0,0,0,0,0,0,0,0,0,0,0,0,0,0,0,0,0,0,0,0,18,18,Bacteria,Bacteria_none,Firmicutes,Clostridia,Eubacteriales,Lachnospiraceae,Bacteria;Bacteria_none;Firmicutes;Clostridia;Eubacteriales;Lachnospiraceae;Mediterraneibacter
Zhenhengia,0,0,0,0,0,0,0,0,0,0,0,0,0,0,0,0,0,0,22,0,0,0,0,0,22,Bacteria,Bacteria_none,Firmicutes,Clostridia,Eubacteriales,Lachnospiraceae,Bacteria;Bacteria_none;Firmicutes;Clostridia;Eubacteriales;Lachnospiraceae;Zhenhengia
Dysosmobacter,0,0,0,0,0,0,0,0,0,0,0,0,0,0,2,0,0,0,0,0,0,0,0,0,2,Bacteria,Bacteria_none,Firmicutes,Clostridia,Eubacteriales,Oscillospiraceae,Bacteria;Bacteria_none;Firmicutes;Clostridia;Eubacteriales;Oscillospiraceae;Dysosmobacter
Faecalibacterium,0,0,0,0,0,0,0,0,0,0,0,0,0,0,0,0,0,0,0,0,0,0,0,5,5,Bacteria,Bacteria_none,Firmicutes,Clostridia,Eubacteriales,Oscillospiraceae,Bacteria;Bacteria_none;Firmicutes;Clostridia;Eubacteriales;Oscillospiraceae;Faecalibacterium
Oscillibacter,0,0,0,0,0,0,0,0,0,0,0,0,0,0,20,0,0,0,0,0,0,0,0,9,29,Bacteria,Bacteria_none,Firmicutes,Clostridia,Eubacteriales,Oscillospiraceae,Bacteria;Bacteria_none;Firmicutes;Clostridia;Eubacteriales;Oscillospiraceae;Oscillibacter
Pusillibacter,0,0,0,0,0,0,0,0,0,0,0,0,0,0,35,0,0,0,0,0,0,0,0,0,35,Bacteria,Bacteria_none,Firmicutes,Clostridia,Eubacteriales,Oscillospiraceae,Bacteria;Bacteria_none;Firmicutes;Clostridia;Eubacteriales;Oscillospiraceae;Pusillibacter
Intestinibacter,0,0,0,0,0,0,0,0,0,0,0,0,0,0,0,0,0,0,0,6,0,0,0,0,6,Bacteria,Bacteria_none,Firmicutes,Clostridia,Eubacteriales,Peptostreptococcaceae,Bacteria;Bacteria_none;Firmicutes;Clostridia;Eubacteriales;Peptostreptococcaceae;Intestinibacter
Paeniclostridium,0,0,0,0,0,0,0,0,0,0,0,0,0,0,0,0,0,149,0,2,0,0,0,0,151,Bacteria,Bacteria_none,Firmicutes,Clostridia,Eubacteriales,Peptostreptococcaceae,Bacteria;Bacteria_none;Firmicutes;Clostridia;Eubacteriales;Peptostreptococcaceae;Paeniclostridium
Romboutsia,0,0,0,0,0,0,0,17,0,0,0,0,0,0,0,0,0,0,0,162,0,0,0,0,179,Bacteria,Bacteria_none,Firmicutes,Clostridia,Eubacteriales,Peptostreptococcaceae,Bacteria;Bacteria_none;Firmicutes;Clostridia;Eubacteriales;Peptostreptococcaceae;Romboutsia
Sporacetigenium,0,0,0,0,0,0,0,0,0,0,0,0,0,0,0,0,0,0,0,0,0,24,0,0,24,Bacteria,Bacteria_none,Firmicutes,Clostridia,Eubacteriales,Peptostreptococcaceae,Bacteria;Bacteria_none;Firmicutes;Clostridia;Eubacteriales;Peptostreptococcaceae;Sporacetigenium
Turicibacter,0,0,0,0,0,0,0,0,0,0,0,0,0,0,0,0,0,0,0,4,0,0,0,0,4,Bacteria,Bacteria_none,Firmicutes,Erysipelotrichia,Erysipelotrichales,Turicibacteraceae,Bacteria;Bacteria_none;Firmicutes;Erysipelotrichia;Erysipelotrichales;Turicibacteraceae;Turicibacter
Megamonas,0,0,0,0,0,0,0,0,0,0,0,0,0,0,0,0,0,0,0,0,0,0,0,11,11,Bacteria,Bacteria_none,Firmicutes,Negativicutes,Selenomonadales,Selenomonadaceae,Bacteria;Bacteria_none;Firmicutes;Negativicutes;Selenomonadales;Selenomonadaceae;Megamonas
Megasphaera,0,0,0,0,0,0,0,0,0,0,0,0,0,0,0,0,0,0,0,0,0,0,0,41,41,Bacteria,Bacteria_none,Firmicutes,Negativicutes,Veillonellales,Veillonellaceae,Bacteria;Bacteria_none;Firmicutes;Negativicutes;Veillonellales;Veillonellaceae;Megasphaera
Anaerococcus,0,0,0,0,0,0,0,0,0,0,0,0,0,0,61,0,0,0,0,0,0,0,0,0,61,Bacteria,Bacteria_none,Firmicutes,Tissierellia,Tissierellales,Peptoniphilaceae,Bacteria;Bacteria_none;Firmicutes;Tissierellia;Tissierellales;Peptoniphilaceae;Anaerococcus
Urmitella,0,0,0,0,0,0,0,0,0,0,0,0,0,0,0,0,0,0,0,3,0,0,0,0,3,Bacteria,Bacteria_none,Firmicutes,Tissierellia,Tissierellales,Tissierellaceae,Bacteria;Bacteria_none;Firmicutes;Tissierellia;Tissierellales;Tissierellaceae;Urmitella
Fusobacterium,0,0,0,0,0,0,0,0,0,0,0,0,3,0,0,0,0,0,0,0,0,0,0,0,3,Bacteria,Bacteria_none,Fusobacteria,Fusobacteriia,Fusobacteriales,Fusobacteriaceae,Bacteria;Bacteria_none;Fusobacteria;Fusobacteriia;Fusobacteriales;Fusobacteriaceae;Fusobacterium
Gemmatimonas,0,0,0,0,0,0,0,0,0,0,10,0,0,0,0,0,0,0,0,0,0,0,0,0,10,Bacteria,Bacteria_none,Gemmatimonadetes,Gemmatimonadetes,Gemmatimonadales,Gemmatimonadaceae,Bacteria;Bacteria_none;Gemmatimonadetes;Gemmatimonadetes;Gemmatimonadales;Gemmatimonadaceae;Gemmatimonas
Nitrospira,0,0,0,0,0,0,0,0,0,0,0,0,75,0,0,0,0,0,0,0,0,0,0,0,75,Bacteria,Bacteria_none,Nitrospirae,Nitrospira,Nitrospirales,Nitrospiraceae,Bacteria;Bacteria_none;Nitrospirae;Nitrospira;Nitrospirales;Nitrospiraceae;Nitrospira
Caulifigura,0,0,0,0,0,0,0,0,0,0,0,0,38,0,0,0,0,0,0,0,0,0,0,0,38,Bacteria,Bacteria_none,Planctomycetota,Planctomycetia,Planctomycetales,Planctomycetaceae,Bacteria;Bacteria_none;Planctomycetota;Planctomycetia;Planctomycetales;Planctomycetaceae;Caulifigura
Brevundimonas,2,0,14,232,0,0,0,0,0,27,0,7,21,0,0,0,0,72,4,23,364,21,0,0,787,Bacteria,Bacteria_none,Proteobacteria,Alphaproteobacteria,Caulobacterales,Caulobacteraceae,Bacteria;Bacteria_none;Proteobacteria;Alphaproteobacteria;Caulobacterales;Caulobacteraceae;Brevundimonas
Caulobacter,0,16,0,0,17,0,0,0,0,0,0,0,0,0,0,0,0,0,0,0,0,0,37,0,70,Bacteria,Bacteria_none,Proteobacteria,Alphaproteobacteria,Caulobacterales,Caulobacteraceae,Bacteria;Bacteria_none;Proteobacteria;Alphaproteobacteria;Caulobacterales;Caulobacteraceae;Caulobacter
Phenylobacterium,0,0,0,0,0,0,0,0,0,0,68,15,28,0,0,0,0,0,20,0,0,0,0,0,131,Bacteria,Bacteria_none,Proteobacteria,Alphaproteobacteria,Caulobacterales,Caulobacteraceae,Bacteria;Bacteria_none;Proteobacteria;Alphaproteobacteria;Caulobacterales;Caulobacteraceae;Phenylobacterium
Alsobacter,0,0,0,0,0,0,0,0,0,0,12,0,0,0,0,0,0,0,0,0,0,0,0,0,12,Bacteria,Bacteria_none,Proteobacteria,Alphaproteobacteria,Hyphomicrobiales,Alsobacteraceae,Bacteria;Bacteria_none;Proteobacteria;Alphaproteobacteria;Hyphomicrobiales;Alsobacteraceae;Alsobacter
Bosea,0,0,0,0,0,0,0,0,0,0,0,4,0,0,0,0,0,0,17,0,0,0,0,0,21,Bacteria,Bacteria_none,Proteobacteria,Alphaproteobacteria,Hyphomicrobiales,Boseaceae,Bacteria;Bacteria_none;Proteobacteria;Alphaproteobacteria;Hyphomicrobiales;Boseaceae;Bosea
Devosia,0,0,0,0,0,0,0,0,0,0,0,12,0,0,0,0,0,0,0,0,0,0,0,0,12,Bacteria,Bacteria_none,Proteobacteria,Alphaproteobacteria,Hyphomicrobiales,Devosiaceae,Bacteria;Bacteria_none;Proteobacteria;Alphaproteobacteria;Hyphomicrobiales;Devosiaceae;Devosia
Hyphomicrobium,0,0,37,0,3,0,0,0,0,0,0,6,16,0,0,78,0,0,0,0,0,0,0,0,140,Bacteria,Bacteria_none,Proteobacteria,Alphaproteobacteria,Hyphomicrobiales,Hyphomicrobiaceae,Bacteria;Bacteria_none;Proteobacteria;Alphaproteobacteria;Hyphomicrobiales;Hyphomicrobiaceae;Hyphomicrobium
Enhydrobacter,0,1,0,0,0,0,0,0,0,0,1,0,0,0,0,0,0,0,0,0,0,0,0,0,2,Bacteria,Bacteria_none,Proteobacteria,Alphaproteobacteria,Hyphomicrobiales,Hyphomicrobiales_Incertae_sedis,Bacteria;Bacteria_none;Proteobacteria;Alphaproteobacteria;Hyphomicrobiales;Hyphomicrobiales_Incertae_sedis;Enhydrobacter
Pseudorhodoplanes,0,0,1,0,0,0,0,0,0,0,33,0,0,0,0,0,0,0,0,0,0,0,0,0,34,Bacteria,Bacteria_none,Proteobacteria,Alphaproteobacteria,Hyphomicrobiales,Hyphomicrobiales_Incertae_sedis,Bacteria;Bacteria_none;Proteobacteria;Alphaproteobacteria;Hyphomicrobiales;Hyphomicrobiales_Incertae_sedis;Pseudorhodoplanes
Methylobacterium,0,0,0,0,1,0,0,0,0,0,40,0,0,0,0,0,0,0,0,0,106,0,0,0,147,Bacteria,Bacteria_none,Proteobacteria,Alphaproteobacteria,Hyphomicrobiales,Methylobacteriaceae,Bacteria;Bacteria_none;Proteobacteria;Alphaproteobacteria;Hyphomicrobiales;Methylobacteriaceae;Methylobacterium
Methylorubrum,0,0,0,0,5,0,0,0,27,131,0,0,0,0,605,38,0,0,22,33,177,0,0,0,1038,Bacteria,Bacteria_none,Proteobacteria,Alphaproteobacteria,Hyphomicrobiales,Methylobacteriaceae,Bacteria;Bacteria_none;Proteobacteria;Alphaproteobacteria;Hyphomicrobiales;Methylobacteriaceae;Methylorubrum
Microvirga,0,0,0,0,0,0,0,0,154,0,41,0,152,0,0,0,0,0,0,0,0,0,0,0,347,Bacteria,Bacteria_none,Proteobacteria,Alphaproteobacteria,Hyphomicrobiales,Methylobacteriaceae,Bacteria;Bacteria_none;Proteobacteria;Alphaproteobacteria;Hyphomicrobiales;Methylobacteriaceae;Microvirga
Afipia,0,0,5,0,0,0,0,0,0,0,0,0,0,0,0,0,0,0,0,0,0,0,0,0,5,Bacteria,Bacteria_none,Proteobacteria,Alphaproteobacteria,Hyphomicrobiales,Nitrobacteraceae,Bacteria;Bacteria_none;Proteobacteria;Alphaproteobacteria;Hyphomicrobiales;Nitrobacteraceae;Afipia
Bradyrhizobium,0,0,21,0,0,0,0,0,47,32,0,0,0,0,0,0,0,30,14,0,0,30,0,7,181,Bacteria,Bacteria_none,Proteobacteria,Alphaproteobacteria,Hyphomicrobiales,Nitrobacteraceae,Bacteria;Bacteria_none;Proteobacteria;Alphaproteobacteria;Hyphomicrobiales;Nitrobacteraceae;Bradyrhizobium
Mesorhizobium,0,0,0,0,0,0,0,25,0,0,0,0,47,0,0,22,0,0,15,0,0,0,94,0,203,Bacteria,Bacteria_none,Proteobacteria,Alphaproteobacteria,Hyphomicrobiales,Phyllobacteriaceae,Bacteria;Bacteria_none;Proteobacteria;Alphaproteobacteria;Hyphomicrobiales;Phyllobacteriaceae;Mesorhizobium
Tianweitania,0,0,0,0,0,0,0,0,0,0,0,0,0,0,0,357,0,0,0,0,0,0,0,0,357,Bacteria,Bacteria_none,Proteobacteria,Alphaproteobacteria,Hyphomicrobiales,Phyllobacteriaceae,Bacteria;Bacteria_none;Proteobacteria;Alphaproteobacteria;Hyphomicrobiales;Phyllobacteriaceae;Tianweitania
Reyranella,0,22,0,0,0,0,0,0,0,23,25,0,73,0,0,0,0,0,0,0,0,0,0,0,143,Bacteria,Bacteria_none,Proteobacteria,Alphaproteobacteria,Hyphomicrobiales,Reyranellaceae,Bacteria;Bacteria_none;Proteobacteria;Alphaproteobacteria;Hyphomicrobiales;Reyranellaceae;Reyranella
Rhizobium,0,0,0,0,0,0,0,0,0,0,0,31,0,0,0,0,0,0,0,0,0,0,0,0,31,Bacteria,Bacteria_none,Proteobacteria,Alphaproteobacteria,Hyphomicrobiales,Rhizobiaceae,Bacteria;Bacteria_none;Proteobacteria;Alphaproteobacteria;Hyphomicrobiales;Rhizobiaceae;Rhizobium
Shinella,0,0,0,0,0,0,0,0,0,10,128,23,0,173,0,0,0,0,0,0,0,0,0,0,334,Bacteria,Bacteria_none,Proteobacteria,Alphaproteobacteria,Hyphomicrobiales,Rhizobiaceae,Bacteria;Bacteria_none;Proteobacteria;Alphaproteobacteria;Hyphomicrobiales;Rhizobiaceae;Shinella
Amaricoccus,0,0,0,0,0,0,0,0,0,0,0,11,0,0,0,0,0,0,0,0,0,0,0,0,11,Bacteria,Bacteria_none,Proteobacteria,Alphaproteobacteria,Rhodobacterales,Rhodobacteraceae,Bacteria;Bacteria_none;Proteobacteria;Alphaproteobacteria;Rhodobacterales;Rhodobacteraceae;Amaricoccus
Falsirhodobacter,0,0,0,0,0,0,0,0,0,0,5,0,0,0,0,0,0,0,0,0,0,0,0,0,5,Bacteria,Bacteria_none,Proteobacteria,Alphaproteobacteria,Rhodobacterales,Rhodobacteraceae,Bacteria;Bacteria_none;Proteobacteria;Alphaproteobacteria;Rhodobacterales;Rhodobacteraceae;Falsirhodobacter
Fuscovulum,0,0,0,0,0,0,0,0,0,0,33,0,12,0,0,0,0,0,0,0,0,0,0,0,45,Bacteria,Bacteria_none,Proteobacteria,Alphaproteobacteria,Rhodobacterales,Rhodobacteraceae,Bacteria;Bacteria_none;Proteobacteria;Alphaproteobacteria;Rhodobacterales;Rhodobacteraceae;Fuscovulum
Gemmobacter,0,0,0,0,0,0,0,0,0,0,0,42,0,0,0,0,0,0,0,0,0,0,0,0,42,Bacteria,Bacteria_none,Proteobacteria,Alphaproteobacteria,Rhodobacterales,Rhodobacteraceae,Bacteria;Bacteria_none;Proteobacteria;Alphaproteobacteria;Rhodobacterales;Rhodobacteraceae;Gemmobacter
Neotabrizicola,0,0,0,0,0,0,0,0,0,0,2,0,0,0,0,0,0,0,0,0,0,0,0,0,2,Bacteria,Bacteria_none,Proteobacteria,Alphaproteobacteria,Rhodobacterales,Rhodobacteraceae,Bacteria;Bacteria_none;Proteobacteria;Alphaproteobacteria;Rhodobacterales;Rhodobacteraceae;Neotabrizicola
Paracoccus,52,0,48,0,0,0,0,27,0,0,1072,1384,0,86,0,145,0,0,22,99,0,77,58,81,3151,Bacteria,Bacteria_none,Proteobacteria,Alphaproteobacteria,Rhodobacterales,Rhodobacteraceae,Bacteria;Bacteria_none;Proteobacteria;Alphaproteobacteria;Rhodobacterales;Rhodobacteraceae;Paracoccus
Rhodobacter,0,0,0,0,0,0,0,0,0,0,85,0,0,0,0,0,0,0,0,0,0,0,0,0,85,Bacteria,Bacteria_none,Proteobacteria,Alphaproteobacteria,Rhodobacterales,Rhodobacteraceae,Bacteria;Bacteria_none;Proteobacteria;Alphaproteobacteria;Rhodobacterales;Rhodobacteraceae;Rhodobacter
Sedimentimonas,0,0,0,0,0,0,0,0,0,0,0,0,0,0,0,0,0,0,0,0,0,0,114,0,114,Bacteria,Bacteria_none,Proteobacteria,Alphaproteobacteria,Rhodobacterales,Rhodobacteraceae,Bacteria;Bacteria_none;Proteobacteria;Alphaproteobacteria;Rhodobacterales;Rhodobacteraceae;Sedimentimonas
Thioclava,0,0,0,0,0,0,0,0,0,0,0,0,0,0,0,0,0,0,0,0,0,0,5,0,5,Bacteria,Bacteria_none,Proteobacteria,Alphaproteobacteria,Rhodobacterales,Rhodobacteraceae,Bacteria;Bacteria_none;Proteobacteria;Alphaproteobacteria;Rhodobacterales;Rhodobacteraceae;Thioclava
Xinfangfangia,0,0,0,0,0,0,0,0,0,0,2,0,0,0,0,0,0,0,0,0,0,0,0,0,2,Bacteria,Bacteria_none,Proteobacteria,Alphaproteobacteria,Rhodobacterales,Rhodobacteraceae,Bacteria;Bacteria_none;Proteobacteria;Alphaproteobacteria;Rhodobacterales;Rhodobacteraceae;Xinfangfangia
Rubellimicrobium,0,0,0,0,0,0,0,0,0,0,21,0,0,0,0,0,0,0,0,0,0,0,0,0,21,Bacteria,Bacteria_none,Proteobacteria,Alphaproteobacteria,Rhodobacterales,Roseobacteraceae,Bacteria;Bacteria_none;Proteobacteria;Alphaproteobacteria;Rhodobacterales;Roseobacteraceae;Rubellimicrobium
Asaia,0,0,0,363,0,0,0,0,0,0,16,0,0,0,0,0,0,0,0,3068,0,7997,0,1846,13290,Bacteria,Bacteria_none,Proteobacteria,Alphaproteobacteria,Rhodospirillales,Acetobacteraceae,Bacteria;Bacteria_none;Proteobacteria;Alphaproteobacteria;Rhodospirillales;Acetobacteraceae;Asaia
Dankookia,0,0,0,0,0,0,0,0,0,0,0,10,0,0,0,0,0,0,0,0,0,0,0,0,10,Bacteria,Bacteria_none,Proteobacteria,Alphaproteobacteria,Rhodospirillales,Acetobacteraceae,Bacteria;Bacteria_none;Proteobacteria;Alphaproteobacteria;Rhodospirillales;Acetobacteraceae;Dankookia
Roseicella,0,0,0,0,0,0,0,0,0,0,32,0,0,0,0,0,0,0,0,0,0,0,0,0,32,Bacteria,Bacteria_none,Proteobacteria,Alphaproteobacteria,Rhodospirillales,Acetobacteraceae,Bacteria;Bacteria_none;Proteobacteria;Alphaproteobacteria;Rhodospirillales;Acetobacteraceae;Roseicella
Roseomonas,0,0,0,0,0,0,0,0,0,0,20,0,0,0,0,0,0,0,0,0,0,0,0,0,20,Bacteria,Bacteria_none,Proteobacteria,Alphaproteobacteria,Rhodospirillales,Acetobacteraceae,Bacteria;Bacteria_none;Proteobacteria;Alphaproteobacteria;Rhodospirillales;Acetobacteraceae;Roseomonas
Arenibaculum,0,0,0,0,0,0,0,0,0,0,0,0,0,0,0,0,0,0,0,12,0,0,0,0,12,Bacteria,Bacteria_none,Proteobacteria,Alphaproteobacteria,Rhodospirillales,Azospirillaceae,Bacteria;Bacteria_none;Proteobacteria;Alphaproteobacteria;Rhodospirillales;Azospirillaceae;Arenibaculum
Azospirillum,0,0,0,0,0,0,0,0,0,0,0,0,67,0,0,0,0,0,0,0,0,0,0,0,67,Bacteria,Bacteria_none,Proteobacteria,Alphaproteobacteria,Rhodospirillales,Azospirillaceae,Bacteria;Bacteria_none;Proteobacteria;Alphaproteobacteria;Rhodospirillales;Azospirillaceae;Azospirillum
Deserticella,0,0,0,0,0,0,0,0,0,0,0,0,28,0,0,0,0,0,0,0,0,0,0,0,28,Bacteria,Bacteria_none,Proteobacteria,Alphaproteobacteria,Rhodospirillales,Azospirillaceae,Bacteria;Bacteria_none;Proteobacteria;Alphaproteobacteria;Rhodospirillales;Azospirillaceae;Deserticella
Skermanella,0,0,0,0,0,0,0,0,0,0,0,0,41,0,0,0,0,0,0,0,0,17,0,0,58,Bacteria,Bacteria_none,Proteobacteria,Alphaproteobacteria,Rhodospirillales,Azospirillaceae,Bacteria;Bacteria_none;Proteobacteria;Alphaproteobacteria;Rhodospirillales;Azospirillaceae;Skermanella
Ferrovibrio,0,0,0,0,0,0,0,0,0,0,0,10,0,0,0,0,0,0,0,12,0,0,0,0,22,Bacteria,Bacteria_none,Proteobacteria,Alphaproteobacteria,Rhodospirillales,Rhodospirillaceae,Bacteria;Bacteria_none;Proteobacteria;Alphaproteobacteria;Rhodospirillales;Rhodospirillaceae;Ferrovibrio
Anaplasma,0,0,0,25,0,0,0,0,276,15,0,0,37,1,0,0,0,0,0,0,0,0,0,4,358,Bacteria,Bacteria_none,Proteobacteria,Alphaproteobacteria,Rickettsiales,Anaplasmataceae,Bacteria;Bacteria_none;Proteobacteria;Alphaproteobacteria;Rickettsiales;Anaplasmataceae;Anaplasma
Novosphingobium,0,0,17,0,0,0,0,0,0,0,46,0,0,0,0,0,0,0,0,0,0,0,0,0,63,Bacteria,Bacteria_none,Proteobacteria,Alphaproteobacteria,Sphingomonadales,Sphingomonadaceae,Bacteria;Bacteria_none;Proteobacteria;Alphaproteobacteria;Sphingomonadales;Sphingomonadaceae;Novosphingobium
Sphingobium,0,0,0,0,0,75,5,0,0,167,107,0,297,0,221,0,0,0,0,0,0,41,0,52,965,Bacteria,Bacteria_none,Proteobacteria,Alphaproteobacteria,Sphingomonadales,Sphingomonadaceae,Bacteria;Bacteria_none;Proteobacteria;Alphaproteobacteria;Sphingomonadales;Sphingomonadaceae;Sphingobium
Sphingomonas,259,40,1017,1205,27,89,15,90,142,197,176,93,297,192,1110,105,0,131,49,76,471,130,236,89,6236,Bacteria,Bacteria_none,Proteobacteria,Alphaproteobacteria,Sphingomonadales,Sphingomonadaceae,Bacteria;Bacteria_none;Proteobacteria;Alphaproteobacteria;Sphingomonadales;Sphingomonadaceae;Sphingomonas
Sphingorhabdus,0,0,0,0,0,0,0,0,0,0,49,1,0,0,0,0,0,0,0,0,0,0,0,0,50,Bacteria,Bacteria_none,Proteobacteria,Alphaproteobacteria,Sphingomonadales,Sphingomonadaceae,Bacteria;Bacteria_none;Proteobacteria;Alphaproteobacteria;Sphingomonadales;Sphingomonadaceae;Sphingorhabdus
Oligella,0,0,0,0,0,0,0,0,41,0,0,0,0,0,0,0,0,0,0,0,0,0,0,0,41,Bacteria,Bacteria_none,Proteobacteria,Betaproteobacteria,Burkholderiales,Alcaligenaceae,Bacteria;Bacteria_none;Proteobacteria;Betaproteobacteria;Burkholderiales;Alcaligenaceae;Oligella
Paracandidimonas,0,0,0,0,0,0,0,0,0,0,0,0,0,0,0,0,0,0,0,0,0,18,0,0,18,Bacteria,Bacteria_none,Proteobacteria,Betaproteobacteria,Burkholderiales,Alcaligenaceae,Bacteria;Bacteria_none;Proteobacteria;Betaproteobacteria;Burkholderiales;Alcaligenaceae;Paracandidimonas
Burkholderia,0,31,0,43,0,95,1,59,133,107,0,0,176,0,645,0,0,0,12,20,68,0,0,20,1410,Bacteria,Bacteria_none,Proteobacteria,Betaproteobacteria,Burkholderiales,Burkholderiaceae,Bacteria;Bacteria_none;Proteobacteria;Betaproteobacteria;Burkholderiales;Burkholderiaceae;Burkholderia
Caenibaculum,0,0,0,2,0,0,0,2,0,0,0,0,2,0,6,0,0,0,0,0,0,0,0,0,12,Bacteria,Bacteria_none,Proteobacteria,Betaproteobacteria,Burkholderiales,Burkholderiaceae,Bacteria;Bacteria_none;Proteobacteria;Betaproteobacteria;Burkholderiales;Burkholderiaceae;Caenibaculum
Cupriavidus,7,1,15,2,0,0,1,0,2,0,0,1,3,36,4,0,0,0,0,0,0,1,2,1,76,Bacteria,Bacteria_none,Proteobacteria,Betaproteobacteria,Burkholderiales,Burkholderiaceae,Bacteria;Bacteria_none;Proteobacteria;Betaproteobacteria;Burkholderiales;Burkholderiaceae;Cupriavidus
Lautropia,0,0,0,0,0,0,0,0,0,0,0,6,0,0,0,0,0,0,0,0,0,0,0,0,6,Bacteria,Bacteria_none,Proteobacteria,Betaproteobacteria,Burkholderiales,Burkholderiaceae,Bacteria;Bacteria_none;Proteobacteria;Betaproteobacteria;Burkholderiales;Burkholderiaceae;Lautropia
Paraburkholderia,1,0,1,0,0,0,0,0,0,2,2,1,1,0,1,0,0,0,2,0,0,2,1,0,14,Bacteria,Bacteria_none,Proteobacteria,Betaproteobacteria,Burkholderiales,Burkholderiaceae,Bacteria;Bacteria_none;Proteobacteria;Betaproteobacteria;Burkholderiales;Burkholderiaceae;Paraburkholderia
Quisquiliibacterium,0,0,0,0,0,0,0,0,0,0,0,7,0,0,0,0,0,0,0,0,0,0,0,0,7,Bacteria,Bacteria_none,Proteobacteria,Betaproteobacteria,Burkholderiales,Burkholderiaceae,Bacteria;Bacteria_none;Proteobacteria;Betaproteobacteria;Burkholderiales;Burkholderiaceae;Quisquiliibacterium
Ralstonia,509,44,2406,1444,581,422,23,418,359,914,711,190,1301,903,3686,388,0,1136,410,526,3105,556,1110,641,21783,Bacteria,Bacteria_none,Proteobacteria,Betaproteobacteria,Burkholderiales,Burkholderiaceae,Bacteria;Bacteria_none;Proteobacteria;Betaproteobacteria;Burkholderiales;Burkholderiaceae;Ralstonia
Aquabacterium,26,16,55,636,10,348,67,59,109,188,171,94,101,302,191,262,0,261,165,103,74,63,144,0,3445,Bacteria,Bacteria_none,Proteobacteria,Betaproteobacteria,Burkholderiales,Burkholderiales_Incertae_sedis,Bacteria;Bacteria_none;Proteobacteria;Betaproteobacteria;Burkholderiales;Burkholderiales_Incertae_sedis;Aquabacterium
Aquariibacter,0,0,0,0,0,0,0,0,47,0,0,0,0,0,0,65,0,0,28,51,205,0,0,0,396,Bacteria,Bacteria_none,Proteobacteria,Betaproteobacteria,Burkholderiales,Burkholderiales_Incertae_sedis,Bacteria;Bacteria_none;Proteobacteria;Betaproteobacteria;Burkholderiales;Burkholderiales_Incertae_sedis;Aquariibacter
Leptothrix,1,0,0,0,0,0,0,0,2,1,0,0,0,1,17,0,0,0,0,0,0,0,0,0,22,Bacteria,Bacteria_none,Proteobacteria,Betaproteobacteria,Burkholderiales,Burkholderiales_Incertae_sedis,Bacteria;Bacteria_none;Proteobacteria;Betaproteobacteria;Burkholderiales;Burkholderiales_Incertae_sedis;Leptothrix
Pseudorivibacter,0,0,0,8,0,1,0,0,3,1,0,0,6,5,4,0,0,0,0,1,1,0,0,0,30,Bacteria,Bacteria_none,Proteobacteria,Betaproteobacteria,Burkholderiales,Burkholderiales_Incertae_sedis,Bacteria;Bacteria_none;Proteobacteria;Betaproteobacteria;Burkholderiales;Burkholderiales_Incertae_sedis;Pseudorivibacter
Rhizobacter,1,0,0,0,0,0,0,0,0,0,0,0,0,0,0,0,0,0,0,0,1,0,0,0,2,Bacteria,Bacteria_none,Proteobacteria,Betaproteobacteria,Burkholderiales,Burkholderiales_Incertae_sedis,Bacteria;Bacteria_none;Proteobacteria;Betaproteobacteria;Burkholderiales;Burkholderiales_Incertae_sedis;Rhizobacter
Xylophilus,1,0,0,0,0,0,0,0,0,0,0,0,0,0,0,0,0,0,0,0,0,0,2,1,4,Bacteria,Bacteria_none,Proteobacteria,Betaproteobacteria,Burkholderiales,Burkholderiales_Incertae_sedis,Bacteria;Bacteria_none;Proteobacteria;Betaproteobacteria;Burkholderiales;Burkholderiales_Incertae_sedis;Xylophilus
Acidovorax,96,0,2,3,25,23,1,34,25,102,0,20,64,1,182,0,0,0,19,0,0,0,133,7,737,Bacteria,Bacteria_none,Proteobacteria,Betaproteobacteria,Burkholderiales,Comamonadaceae,Bacteria;Bacteria_none;Proteobacteria;Betaproteobacteria;Burkholderiales;Comamonadaceae;Acidovorax
Caenimonas,0,0,0,0,0,0,0,0,0,0,0,0,0,0,10,0,0,0,0,0,0,0,0,0,10,Bacteria,Bacteria_none,Proteobacteria,Betaproteobacteria,Burkholderiales,Comamonadaceae,Bacteria;Bacteria_none;Proteobacteria;Betaproteobacteria;Burkholderiales;Comamonadaceae;Caenimonas
Curvibacter,0,26,220,123,0,0,0,52,34,33,0,26,63,0,108,64,0,0,0,16,0,22,72,19,878,Bacteria,Bacteria_none,Proteobacteria,Betaproteobacteria,Burkholderiales,Comamonadaceae,Bacteria;Bacteria_none;Proteobacteria;Betaproteobacteria;Burkholderiales;Comamonadaceae;Curvibacter
Diaphorobacter,0,0,0,0,0,0,0,0,0,0,0,0,0,0,0,0,0,0,27,0,0,0,0,0,27,Bacteria,Bacteria_none,Proteobacteria,Betaproteobacteria,Burkholderiales,Comamonadaceae,Bacteria;Bacteria_none;Proteobacteria;Betaproteobacteria;Burkholderiales;Comamonadaceae;Diaphorobacter
Hydrogenophaga,0,14,1,1,0,0,0,1,0,0,467,3,2,0,2,0,0,0,0,0,0,0,144,0,635,Bacteria,Bacteria_none,Proteobacteria,Betaproteobacteria,Burkholderiales,Comamonadaceae,Bacteria;Bacteria_none;Proteobacteria;Betaproteobacteria;Burkholderiales;Comamonadaceae;Hydrogenophaga
Pelomonas,87,0,5,0,21,3,0,0,0,0,0,0,44,54,0,3,0,37,0,14,0,0,110,7,385,Bacteria,Bacteria_none,Proteobacteria,Betaproteobacteria,Burkholderiales,Comamonadaceae,Bacteria;Bacteria_none;Proteobacteria;Betaproteobacteria;Burkholderiales;Comamonadaceae;Pelomonas
Polaromonas,9268,700,2104,80,0,0,0,0,0,0,0,0,422,0,0,367,0,0,30,22,0,0,0,0,12993,Bacteria,Bacteria_none,Proteobacteria,Betaproteobacteria,Burkholderiales,Comamonadaceae,Bacteria;Bacteria_none;Proteobacteria;Betaproteobacteria;Burkholderiales;Comamonadaceae;Polaromonas
Pseudorhodoferax,0,0,0,0,0,2,0,0,0,1,0,0,0,0,0,0,0,0,0,0,0,0,0,0,3,Bacteria,Bacteria_none,Proteobacteria,Betaproteobacteria,Burkholderiales,Comamonadaceae,Bacteria;Bacteria_none;Proteobacteria;Betaproteobacteria;Burkholderiales;Comamonadaceae;Pseudorhodoferax
Ramlibacter,0,0,24,0,0,1,0,0,0,0,0,0,0,0,90,0,0,0,1,8,0,16,1,0,141,Bacteria,Bacteria_none,Proteobacteria,Betaproteobacteria,Burkholderiales,Comamonadaceae,Bacteria;Bacteria_none;Proteobacteria;Betaproteobacteria;Burkholderiales;Comamonadaceae;Ramlibacter
Rhodoferax,0,0,9,8,0,0,0,1,3,2,0,2,3,1,2,2,0,2,0,3,0,0,2,1,41,Bacteria,Bacteria_none,Proteobacteria,Betaproteobacteria,Burkholderiales,Comamonadaceae,Bacteria;Bacteria_none;Proteobacteria;Betaproteobacteria;Burkholderiales;Comamonadaceae;Rhodoferax
Tibeticola,0,0,0,0,0,1,0,0,1,0,0,0,0,7,20,0,0,0,0,0,0,0,0,0,29,Bacteria,Bacteria_none,Proteobacteria,Betaproteobacteria,Burkholderiales,Comamonadaceae,Bacteria;Bacteria_none;Proteobacteria;Betaproteobacteria;Burkholderiales;Comamonadaceae;Tibeticola
Variovorax,17,0,3,357,0,0,0,0,0,0,0,0,30,114,107,1,0,99,0,11,0,0,121,16,876,Bacteria,Bacteria_none,Proteobacteria,Betaproteobacteria,Burkholderiales,Comamonadaceae,Bacteria;Bacteria_none;Proteobacteria;Betaproteobacteria;Burkholderiales;Comamonadaceae;Variovorax
Xenophilus,0,0,0,0,0,0,0,0,0,0,0,0,0,0,0,0,0,0,0,0,0,0,1,1,2,Bacteria,Bacteria_none,Proteobacteria,Betaproteobacteria,Burkholderiales,Comamonadaceae,Bacteria;Bacteria_none;Proteobacteria;Betaproteobacteria;Burkholderiales;Comamonadaceae;Xenophilus
Duganella,0,0,0,0,0,0,0,0,0,0,0,0,1,0,1,0,0,0,0,0,0,0,0,0,2,Bacteria,Bacteria_none,Proteobacteria,Betaproteobacteria,Burkholderiales,Oxalobacteraceae,Bacteria;Bacteria_none;Proteobacteria;Betaproteobacteria;Burkholderiales;Oxalobacteraceae;Duganella
Massilia,0,0,0,0,0,0,0,0,0,0,0,0,24,0,1145,0,0,0,0,0,0,0,0,0,1169,Bacteria,Bacteria_none,Proteobacteria,Betaproteobacteria,Burkholderiales,Oxalobacteraceae,Bacteria;Bacteria_none;Proteobacteria;Betaproteobacteria;Burkholderiales;Oxalobacteraceae;Massilia
Noviherbaspirillum,0,0,0,0,0,0,0,0,0,0,0,0,21,0,23,0,0,0,0,0,0,0,0,0,44,Bacteria,Bacteria_none,Proteobacteria,Betaproteobacteria,Burkholderiales,Oxalobacteraceae,Bacteria;Bacteria_none;Proteobacteria;Betaproteobacteria;Burkholderiales;Oxalobacteraceae;Noviherbaspirillum
Pseudoduganella,0,0,0,0,0,0,0,0,0,0,0,0,2046,0,0,0,0,0,0,0,0,0,0,0,2046,Bacteria,Bacteria_none,Proteobacteria,Betaproteobacteria,Burkholderiales,Oxalobacteraceae,Bacteria;Bacteria_none;Proteobacteria;Betaproteobacteria;Burkholderiales;Oxalobacteraceae;Pseudoduganella
Aquincola,0,0,0,0,0,0,0,0,0,1,0,0,0,0,0,0,0,0,1,0,0,0,0,0,2,Bacteria,Bacteria_none,Proteobacteria,Betaproteobacteria,Burkholderiales,Sphaerotilaceae,Bacteria;Bacteria_none;Proteobacteria;Betaproteobacteria;Burkholderiales;Sphaerotilaceae;Aquincola
Calidifontimicrobium,0,0,0,0,0,1,0,0,0,0,0,0,0,0,0,0,0,0,0,1,0,1,0,0,3,Bacteria,Bacteria_none,Proteobacteria,Betaproteobacteria,Burkholderiales,Sphaerotilaceae,Bacteria;Bacteria_none;Proteobacteria;Betaproteobacteria;Burkholderiales;Sphaerotilaceae;Calidifontimicrobium
Ideonella,0,0,0,0,0,1,0,1,0,8,10,0,0,0,14,0,0,0,0,0,0,0,0,0,34,Bacteria,Bacteria_none,Proteobacteria,Betaproteobacteria,Burkholderiales,Sphaerotilaceae,Bacteria;Bacteria_none;Proteobacteria;Betaproteobacteria;Burkholderiales;Sphaerotilaceae;Ideonella
Methylibium,0,0,0,0,0,0,0,0,0,0,0,0,68,0,0,0,0,0,0,0,0,0,0,0,68,Bacteria,Bacteria_none,Proteobacteria,Betaproteobacteria,Burkholderiales,Sphaerotilaceae,Bacteria;Bacteria_none;Proteobacteria;Betaproteobacteria;Burkholderiales;Sphaerotilaceae;Methylibium
Mitsuaria,0,0,0,0,0,1,0,0,0,0,0,0,0,0,0,0,0,0,0,0,0,0,1,0,2,Bacteria,Bacteria_none,Proteobacteria,Betaproteobacteria,Burkholderiales,Sphaerotilaceae,Bacteria;Bacteria_none;Proteobacteria;Betaproteobacteria;Burkholderiales;Sphaerotilaceae;Mitsuaria
Piscinibacter,0,0,0,0,0,0,0,0,1,1,0,0,0,0,0,0,0,0,0,0,0,0,0,0,2,Bacteria,Bacteria_none,Proteobacteria,Betaproteobacteria,Burkholderiales,Sphaerotilaceae,Bacteria;Bacteria_none;Proteobacteria;Betaproteobacteria;Burkholderiales;Sphaerotilaceae;Piscinibacter
Roseateles,1,0,0,0,0,1,0,0,0,0,0,0,0,0,0,0,0,0,0,0,0,0,0,0,2,Bacteria,Bacteria_none,Proteobacteria,Betaproteobacteria,Burkholderiales,Sphaerotilaceae,Bacteria;Bacteria_none;Proteobacteria;Betaproteobacteria;Burkholderiales;Sphaerotilaceae;Roseateles
Rubrivivax,0,0,0,0,0,0,0,0,0,39,1,0,0,0,0,0,0,0,0,0,0,0,0,0,40,Bacteria,Bacteria_none,Proteobacteria,Betaproteobacteria,Burkholderiales,Sphaerotilaceae,Bacteria;Bacteria_none;Proteobacteria;Betaproteobacteria;Burkholderiales;Sphaerotilaceae;Rubrivivax
Schlegelella,1,0,0,6,0,4,0,0,3,9,6,0,0,1,9,1,0,2,1,2,3,0,0,0,48,Bacteria,Bacteria_none,Proteobacteria,Betaproteobacteria,Burkholderiales,Sphaerotilaceae,Bacteria;Bacteria_none;Proteobacteria;Betaproteobacteria;Burkholderiales;Sphaerotilaceae;Schlegelella
Sphaerotilus,0,0,0,0,0,0,0,0,0,0,50,0,0,0,99,0,0,0,46,0,0,0,0,0,195,Bacteria,Bacteria_none,Proteobacteria,Betaproteobacteria,Burkholderiales,Sphaerotilaceae,Bacteria;Bacteria_none;Proteobacteria;Betaproteobacteria;Burkholderiales;Sphaerotilaceae;Sphaerotilus
Zhizhongheella,0,0,0,2,0,2,0,0,0,0,1,0,0,0,0,0,0,0,0,0,0,0,0,0,5,Bacteria,Bacteria_none,Proteobacteria,Betaproteobacteria,Burkholderiales,Sphaerotilaceae,Bacteria;Bacteria_none;Proteobacteria;Betaproteobacteria;Burkholderiales;Sphaerotilaceae;Zhizhongheella
Vogesella,0,0,0,0,0,0,0,0,0,0,0,0,0,0,286,0,0,0,57,36,0,63,0,0,442,Bacteria,Bacteria_none,Proteobacteria,Betaproteobacteria,Neisseriales,Chromobacteriaceae,Bacteria;Bacteria_none;Proteobacteria;Betaproteobacteria;Neisseriales;Chromobacteriaceae;Vogesella
Prolinoborus,14,0,18,31,2,0,0,10,0,7,2,1,0,3,36,10,0,15,11,249,24,4,59,9,505,Bacteria,Bacteria_none,Proteobacteria,Betaproteobacteria,Neisseriales,Neisseriaceae,Bacteria;Bacteria_none;Proteobacteria;Betaproteobacteria;Neisseriales;Neisseriaceae;Prolinoborus
Methylotenera,725,161,42,59,0,0,0,0,0,0,0,0,70,0,0,0,0,0,0,0,0,0,0,0,1057,Bacteria,Bacteria_none,Proteobacteria,Betaproteobacteria,Nitrosomonadales,Methylophilaceae,Bacteria;Bacteria_none;Proteobacteria;Betaproteobacteria;Nitrosomonadales;Methylophilaceae;Methylotenera
Methyloversatilis,99,0,0,0,0,0,0,0,0,0,47,9,102,0,0,0,0,0,0,0,116,17,0,0,390,Bacteria,Bacteria_none,Proteobacteria,Betaproteobacteria,Nitrosomonadales,Sterolibacteriaceae,Bacteria;Bacteria_none;Proteobacteria;Betaproteobacteria;Nitrosomonadales;Sterolibacteriaceae;Methyloversatilis
Azonexus,0,0,0,0,0,0,0,0,0,0,0,4,0,0,0,0,0,0,0,0,0,0,0,0,4,Bacteria,Bacteria_none,Proteobacteria,Betaproteobacteria,Rhodocyclales,Azonexaceae,Bacteria;Bacteria_none;Proteobacteria;Betaproteobacteria;Rhodocyclales;Azonexaceae;Azonexus
Dechloromonas,0,0,0,0,0,0,0,0,0,0,0,17,0,0,0,0,0,0,0,0,0,0,0,0,17,Bacteria,Bacteria_none,Proteobacteria,Betaproteobacteria,Rhodocyclales,Azonexaceae,Bacteria;Bacteria_none;Proteobacteria;Betaproteobacteria;Rhodocyclales;Azonexaceae;Dechloromonas
Azospira,0,0,0,0,0,0,0,0,0,0,0,0,0,0,0,0,0,0,0,10,0,0,0,0,10,Bacteria,Bacteria_none,Proteobacteria,Betaproteobacteria,Rhodocyclales,Rhodocyclaceae,Bacteria;Bacteria_none;Proteobacteria;Betaproteobacteria;Rhodocyclales;Rhodocyclaceae;Azospira
Zoogloea,478,0,19,112,0,77,0,0,0,0,0,0,85,0,162,0,0,0,0,0,0,0,0,48,981,Bacteria,Bacteria_none,Proteobacteria,Betaproteobacteria,Rhodocyclales,Zoogloeaceae,Bacteria;Bacteria_none;Proteobacteria;Betaproteobacteria;Rhodocyclales;Zoogloeaceae;Zoogloea
Bradymonas,0,0,0,0,0,0,0,0,0,0,45,0,0,0,0,0,0,0,0,0,0,0,0,0,45,Bacteria,Bacteria_none,Proteobacteria,Deltaproteobacteria,Bradymonadales,Bradymonadaceae,Bacteria;Bacteria_none;Proteobacteria;Deltaproteobacteria;Bradymonadales;Bradymonadaceae;Bradymonas
Labilithrix,0,0,0,0,0,0,0,0,0,0,11,0,11,0,0,0,0,0,0,0,0,0,0,0,22,Bacteria,Bacteria_none,Proteobacteria,Deltaproteobacteria,Myxococcales,Labilitrichaceae,Bacteria;Bacteria_none;Proteobacteria;Deltaproteobacteria;Myxococcales;Labilitrichaceae;Labilithrix
Aeromonas,0,0,0,0,0,0,0,0,0,0,0,0,0,0,48,9,0,0,29,18,0,3,0,0,107,Bacteria,Bacteria_none,Proteobacteria,Gammaproteobacteria,Aeromonadales,Aeromonadaceae,Bacteria;Bacteria_none;Proteobacteria;Gammaproteobacteria;Aeromonadales;Aeromonadaceae;Aeromonas
Shewanella,0,0,0,0,0,0,0,0,0,0,0,0,0,0,22,0,0,0,0,13,0,1,0,0,36,Bacteria,Bacteria_none,Proteobacteria,Gammaproteobacteria,Alteromonadales,Shewanellaceae,Bacteria;Bacteria_none;Proteobacteria;Gammaproteobacteria;Alteromonadales;Shewanellaceae;Shewanella
Cellvibrio,0,0,0,0,0,0,0,0,0,0,0,0,14,0,0,0,0,0,0,0,0,0,0,0,14,Bacteria,Bacteria_none,Proteobacteria,Gammaproteobacteria,Cellvibrionales,Cellvibrionaceae,Bacteria;Bacteria_none;Proteobacteria;Gammaproteobacteria;Cellvibrionales;Cellvibrionaceae;Cellvibrio
Pararheinheimera,0,0,0,0,0,40,0,12,0,0,0,3,0,0,0,0,0,0,0,0,0,0,0,0,55,Bacteria,Bacteria_none,Proteobacteria,Gammaproteobacteria,Chromatiales,Chromatiaceae,Bacteria;Bacteria_none;Proteobacteria;Gammaproteobacteria;Chromatiales;Chromatiaceae;Pararheinheimera
Rheinheimera,0,0,0,0,0,6,0,0,0,0,0,1,0,0,0,0,0,0,0,6,0,0,0,0,13,Bacteria,Bacteria_none,Proteobacteria,Gammaproteobacteria,Chromatiales,Chromatiaceae,Bacteria;Bacteria_none;Proteobacteria;Gammaproteobacteria;Chromatiales;Chromatiaceae;Rheinheimera
Enterobacter,0,0,0,0,0,0,0,45,19,0,0,0,34,0,0,0,0,0,0,0,0,0,0,0,98,Bacteria,Bacteria_none,Proteobacteria,Gammaproteobacteria,Enterobacterales,Enterobacteriaceae,Bacteria;Bacteria_none;Proteobacteria;Gammaproteobacteria;Enterobacterales;Enterobacteriaceae;Enterobacter
Escherichia,15,16,24,72,6,23,4,9,10,52,41,7,53,186,71,134,0,105,27,21,59,12,0,64,1011,Bacteria,Bacteria_none,Proteobacteria,Gammaproteobacteria,Enterobacterales,Enterobacteriaceae,Bacteria;Bacteria_none;Proteobacteria;Gammaproteobacteria;Enterobacterales;Enterobacteriaceae;Escherichia
Klebsiella,0,0,0,0,0,0,0,0,0,0,0,7,0,0,0,0,0,17,30,22,0,0,0,0,76,Bacteria,Bacteria_none,Proteobacteria,Gammaproteobacteria,Enterobacterales,Enterobacteriaceae,Bacteria;Bacteria_none;Proteobacteria;Gammaproteobacteria;Enterobacterales;Enterobacteriaceae;Klebsiella
Shigella,28,49,9,58,5,23,4,0,11,40,34,18,86,241,69,161,0,69,19,8,42,81,0,49,1104,Bacteria,Bacteria_none,Proteobacteria,Gammaproteobacteria,Enterobacterales,Enterobacteriaceae,Bacteria;Bacteria_none;Proteobacteria;Gammaproteobacteria;Enterobacterales;Enterobacteriaceae;Shigella
Thorsellia,0,0,0,0,0,0,0,0,0,4,0,0,0,0,0,0,0,0,0,0,0,0,0,0,4,Bacteria,Bacteria_none,Proteobacteria,Gammaproteobacteria,Enterobacterales,Thorselliaceae,Bacteria;Bacteria_none;Proteobacteria;Gammaproteobacteria;Enterobacterales;Thorselliaceae;Thorsellia
Acinetobacter,66,31,7,33,9,0,0,38,25,52,9,48,115,34,176,0,0,0,161,317,68,140,359,69,1757,Bacteria,Bacteria_none,Proteobacteria,Gammaproteobacteria,Moraxellales,Moraxellaceae,Bacteria;Bacteria_none;Proteobacteria;Gammaproteobacteria;Moraxellales;Moraxellaceae;Acinetobacter
Moraxella,0,0,0,0,0,0,0,0,0,0,0,0,0,0,0,0,0,0,0,7,0,7,0,0,14,Bacteria,Bacteria_none,Proteobacteria,Gammaproteobacteria,Moraxellales,Moraxellaceae,Bacteria;Bacteria_none;Proteobacteria;Gammaproteobacteria;Moraxellales;Moraxellaceae;Moraxella
Povalibacter,0,0,0,0,0,0,0,0,0,0,0,0,66,0,0,0,0,0,0,0,0,0,0,0,66,Bacteria,Bacteria_none,Proteobacteria,Gammaproteobacteria,Nevskiales,Steroidobacteraceae,Bacteria;Bacteria_none;Proteobacteria;Gammaproteobacteria;Nevskiales;Steroidobacteraceae;Povalibacter
Steroidobacter,0,0,0,0,0,0,0,0,0,0,0,0,14,0,0,0,0,0,0,0,0,24,0,0,38,Bacteria,Bacteria_none,Proteobacteria,Gammaproteobacteria,Nevskiales,Steroidobacteraceae,Bacteria;Bacteria_none;Proteobacteria;Gammaproteobacteria;Nevskiales;Steroidobacteraceae;Steroidobacter
Alcanivorax,0,0,0,0,0,0,0,0,0,5,0,0,0,0,0,14,0,0,5,0,0,0,0,0,24,Bacteria,Bacteria_none,Proteobacteria,Gammaproteobacteria,Oceanospirillales,Alcanivoracaceae,Bacteria;Bacteria_none;Proteobacteria;Gammaproteobacteria;Oceanospirillales;Alcanivoracaceae;Alcanivorax
Halomonas,15,0,5,0,0,0,0,28,16,0,0,92,0,0,0,0,0,0,0,4,0,8,0,2,170,Bacteria,Bacteria_none,Proteobacteria,Gammaproteobacteria,Oceanospirillales,Halomonadaceae,Bacteria;Bacteria_none;Proteobacteria;Gammaproteobacteria;Oceanospirillales;Halomonadaceae;Halomonas
Zymobacter,0,0,0,0,0,0,0,6,0,0,0,0,0,0,1,0,0,0,0,1,0,0,0,0,8,Bacteria,Bacteria_none,Proteobacteria,Gammaproteobacteria,Oceanospirillales,Halomonadaceae,Bacteria;Bacteria_none;Proteobacteria;Gammaproteobacteria;Oceanospirillales;Halomonadaceae;Zymobacter
Perlucidibaca,0,0,0,0,0,0,0,0,0,0,0,0,0,0,18,0,0,0,0,0,0,0,0,0,18,Bacteria,Bacteria_none,Proteobacteria,Gammaproteobacteria,Pseudomonadales,Perlucidibacaceae,Bacteria;Bacteria_none;Proteobacteria;Gammaproteobacteria;Pseudomonadales;Perlucidibacaceae;Perlucidibaca
Pseudomonas,3182,137,715,137,12,0,0,26,48,92,202,87,1053,11,152,30,0,149,83,231,25,91,13,82,6558,Bacteria,Bacteria_none,Proteobacteria,Gammaproteobacteria,Pseudomonadales,Pseudomonadaceae,Bacteria;Bacteria_none;Proteobacteria;Gammaproteobacteria;Pseudomonadales;Pseudomonadaceae;Pseudomonas
Stutzerimonas,0,0,28,0,0,0,0,2,10,0,0,136,43,0,76,8,0,38,42,24,0,4,29,9,449,Bacteria,Bacteria_none,Proteobacteria,Gammaproteobacteria,Pseudomonadales,Pseudomonadaceae,Bacteria;Bacteria_none;Proteobacteria;Gammaproteobacteria;Pseudomonadales;Pseudomonadaceae;Stutzerimonas
Thiopseudomonas,0,0,0,0,0,0,0,0,4,0,0,0,0,0,0,0,0,0,0,0,0,0,0,0,4,Bacteria,Bacteria_none,Proteobacteria,Gammaproteobacteria,Pseudomonadales,Pseudomonadaceae,Bacteria;Bacteria_none;Proteobacteria;Gammaproteobacteria;Pseudomonadales;Pseudomonadaceae;Thiopseudomonas
Vibrio,0,0,0,0,0,0,0,0,0,0,0,0,0,0,0,0,0,3,0,0,0,0,0,0,3,Bacteria,Bacteria_none,Proteobacteria,Gammaproteobacteria,Vibrionales,Vibrionaceae,Bacteria;Bacteria_none;Proteobacteria;Gammaproteobacteria;Vibrionales;Vibrionaceae;Vibrio
Luteimonas,0,0,0,0,0,0,0,0,0,0,0,0,0,0,0,0,0,13,0,0,0,0,0,0,13,Bacteria,Bacteria_none,Proteobacteria,Gammaproteobacteria,Xanthomonadales,Xanthomonadaceae,Bacteria;Bacteria_none;Proteobacteria;Gammaproteobacteria;Xanthomonadales;Xanthomonadaceae;Luteimonas
Pseudoxanthomonas,0,0,0,0,0,0,0,0,4,0,0,0,0,0,0,0,0,0,0,0,0,0,0,0,4,Bacteria,Bacteria_none,Proteobacteria,Gammaproteobacteria,Xanthomonadales,Xanthomonadaceae,Bacteria;Bacteria_none;Proteobacteria;Gammaproteobacteria;Xanthomonadales;Xanthomonadaceae;Pseudoxanthomonas
Xanthomonas,0,0,0,0,0,0,0,0,52,52,0,14,0,0,0,0,0,0,0,0,0,0,0,0,118,Bacteria,Bacteria_none,Proteobacteria,Gammaproteobacteria,Xanthomonadales,Xanthomonadaceae,Bacteria;Bacteria_none;Proteobacteria;Gammaproteobacteria;Xanthomonadales;Xanthomonadaceae;Xanthomonas
Opitutus,0,0,0,0,0,0,0,0,0,0,0,0,4,0,0,0,0,0,0,0,0,0,0,0,4,Bacteria,Bacteria_none,Verrucomicrobia,Opitutae,Opitutales,Opitutaceae,Bacteria;Bacteria_none;Verrucomicrobia;Opitutae;Opitutales;Opitutaceae;Opitutus
Luteolibacter,0,0,0,0,0,0,0,0,0,0,3,0,0,0,0,0,0,0,0,0,0,0,0,0,3,Bacteria,Bacteria_none,Verrucomicrobia,Verrucomicrobiae,Verrucomicrobiales,Verrucomicrobiaceae,Bacteria;Bacteria_none;Verrucomicrobia;Verrucomicrobiae;Verrucomicrobiales;Verrucomicrobiaceae;Luteolibacter
Unknown,3842,918,2208,2202,2414,1373,74,535,6454,1598,5612,1110,12514,687,3361,788,6,1580,1367,4049,1316,2634,665,1756,59063,Unclassified,Unknown,Unknown,Unknown,Unknown,Unknown,Unclassified;Unknown;Unknown;Unknown;Unknown;Unknown;Unknown