genus,1210-MG,1211-MG,1212-MG,1213-MG,1214-MG,1215-MG,1216-MG,1217-MG,551-MG,552-MG,553-MG,554-MG,555-MG,556-MG,557-MG,900-MG,901-MG,902-MG,903-MG,904-MG,905-MG,906-MG,907-MG,total,superkingdom,kingdom,phylum,class,order,family,tax
Aridibacter,14,2,0,1,0,0,0,0,0,0,0,0,0,0,0,0,0,0,0,0,0,0,0,17,Bacteria,Bacteria_none,Acidobacteria,Blastocatellia,Blastocatellales,Blastocatellaceae,Bacteria;Bacteria_none;Acidobacteria;Blastocatellia;Blastocatellales;Blastocatellaceae;Aridibacter
Vicinamibacter,0,11,0,0,0,0,0,0,0,0,0,0,0,0,0,0,0,0,0,0,0,0,0,11,Bacteria,Bacteria_none,Acidobacteria,Vicinamibacteria,Vicinamibacterales,Vicinamibacteraceae,Bacteria;Bacteria_none;Acidobacteria;Vicinamibacteria;Vicinamibacterales;Vicinamibacteraceae;Vicinamibacter
Aquihabitans,0,0,0,8,0,17,0,0,0,0,0,0,0,0,0,0,0,0,0,0,0,0,0,25,Bacteria,Bacteria_none,Actinobacteria,Acidimicrobiia,Acidimicrobiales,Iamiaceae,Bacteria;Bacteria_none;Actinobacteria;Acidimicrobiia;Acidimicrobiales;Iamiaceae;Aquihabitans
Iamia,0,5,0,0,0,0,0,0,0,0,0,0,0,0,0,0,0,0,0,0,0,0,0,5,Bacteria,Bacteria_none,Actinobacteria,Acidimicrobiia,Acidimicrobiales,Iamiaceae,Bacteria;Bacteria_none;Actinobacteria;Acidimicrobiia;Acidimicrobiales;Iamiaceae;Iamia
Rhabdothermincola,0,1,0,8,0,0,0,0,0,0,0,0,0,0,0,0,0,0,0,0,0,0,0,9,Bacteria,Bacteria_none,Actinobacteria,Acidimicrobiia,Acidimicrobiales,Iamiaceae,Bacteria;Bacteria_none;Actinobacteria;Acidimicrobiia;Acidimicrobiales;Iamiaceae;Rhabdothermincola
Desertimonas,0,4,0,0,0,0,0,0,0,0,0,0,0,0,0,0,0,0,0,0,0,0,0,4,Bacteria,Bacteria_none,Actinobacteria,Acidimicrobiia,Acidimicrobiales,Ilumatobacteraceae,Bacteria;Bacteria_none;Actinobacteria;Acidimicrobiia;Acidimicrobiales;Ilumatobacteraceae;Desertimonas
Ilumatobacter,0,3,0,0,0,0,0,0,0,0,0,0,0,0,0,0,0,0,0,0,0,0,0,3,Bacteria,Bacteria_none,Actinobacteria,Acidimicrobiia,Acidimicrobiales,Ilumatobacteraceae,Bacteria;Bacteria_none;Actinobacteria;Acidimicrobiia;Acidimicrobiales;Ilumatobacteraceae;Ilumatobacter
Corynebacterium,0,7,11,0,0,0,0,2,0,0,0,1,0,53,23,6,0,0,0,47,3,0,0,153,Bacteria,Bacteria_none,Actinobacteria,Actinomycetia,Corynebacteriales,Corynebacteriaceae,Bacteria;Bacteria_none;Actinobacteria;Actinomycetia;Corynebacteriales;Corynebacteriaceae;Corynebacterium
Dietzia,0,0,0,0,0,0,0,0,0,0,0,0,12,0,0,0,0,0,0,2,0,0,0,14,Bacteria,Bacteria_none,Actinobacteria,Actinomycetia,Corynebacteriales,Dietziaceae,Bacteria;Bacteria_none;Actinobacteria;Actinomycetia;Corynebacteriales;Dietziaceae;Dietzia
Gordonia,0,0,0,3,0,0,0,0,0,0,0,0,0,0,0,0,0,0,0,0,0,0,0,3,Bacteria,Bacteria_none,Actinobacteria,Actinomycetia,Corynebacteriales,Gordoniaceae,Bacteria;Bacteria_none;Actinobacteria;Actinomycetia;Corynebacteriales;Gordoniaceae;Gordonia
Lawsonella,0,0,0,0,0,0,0,0,0,0,0,0,5,0,0,0,0,0,0,0,0,0,0,5,Bacteria,Bacteria_none,Actinobacteria,Actinomycetia,Corynebacteriales,Lawsonellaceae,Bacteria;Bacteria_none;Actinobacteria;Actinomycetia;Corynebacteriales;Lawsonellaceae;Lawsonella
Mycobacterium,12,13,0,3,0,0,0,0,0,0,6,0,0,0,0,0,0,0,0,0,0,0,0,34,Bacteria,Bacteria_none,Actinobacteria,Actinomycetia,Corynebacteriales,Mycobacteriaceae,Bacteria;Bacteria_none;Actinobacteria;Actinomycetia;Corynebacteriales;Mycobacteriaceae;Mycobacterium
Mycolicibacterium,26,12,0,8,0,0,0,0,0,0,12,0,0,0,0,0,0,0,0,0,0,0,0,58,Bacteria,Bacteria_none,Actinobacteria,Actinomycetia,Corynebacteriales,Mycobacteriaceae,Bacteria;Bacteria_none;Actinobacteria;Actinomycetia;Corynebacteriales;Mycobacteriaceae;Mycolicibacterium
Rhodococcus,0,0,9,0,0,0,8,0,0,3,20,0,0,0,0,6,0,0,0,0,0,0,0,46,Bacteria,Bacteria_none,Actinobacteria,Actinomycetia,Corynebacteriales,Nocardiaceae,Bacteria;Bacteria_none;Actinobacteria;Actinomycetia;Corynebacteriales;Nocardiaceae;Rhodococcus
Geodermatophilus,0,1,0,0,0,3,0,0,0,0,0,0,0,0,0,0,0,0,0,0,0,0,0,4,Bacteria,Bacteria_none,Actinobacteria,Actinomycetia,Geodermatophilales,Geodermatophilaceae,Bacteria;Bacteria_none;Actinobacteria;Actinomycetia;Geodermatophilales;Geodermatophilaceae;Geodermatophilus
Kineococcus,0,0,0,0,0,0,0,0,0,0,0,0,0,0,0,15,0,0,0,0,0,0,0,15,Bacteria,Bacteria_none,Actinobacteria,Actinomycetia,Kineosporiales,Kineosporiaceae,Bacteria;Bacteria_none;Actinobacteria;Actinomycetia;Kineosporiales;Kineosporiaceae;Kineococcus
Brachybacterium,0,0,12,0,0,0,1,20,0,0,0,0,16,26,0,0,0,0,0,0,1,0,0,76,Bacteria,Bacteria_none,Actinobacteria,Actinomycetia,Micrococcales,Dermabacteraceae,Bacteria;Bacteria_none;Actinobacteria;Actinomycetia;Micrococcales;Dermabacteraceae;Brachybacterium
Aquipuribacter,0,4,0,0,0,0,0,0,0,0,0,0,0,0,0,0,0,0,0,0,0,0,0,4,Bacteria,Bacteria_none,Actinobacteria,Actinomycetia,Micrococcales,Intrasporangiaceae,Bacteria;Bacteria_none;Actinobacteria;Actinomycetia;Micrococcales;Intrasporangiaceae;Aquipuribacter
Janibacter,0,0,0,0,0,0,1,0,0,0,0,0,0,0,0,60,0,0,0,1,2,0,1,65,Bacteria,Bacteria_none,Actinobacteria,Actinomycetia,Micrococcales,Intrasporangiaceae,Bacteria;Bacteria_none;Actinobacteria;Actinomycetia;Micrococcales;Intrasporangiaceae;Janibacter
Knoellia,11,0,0,0,0,0,0,0,0,0,0,0,0,0,0,0,0,0,2,0,0,0,0,13,Bacteria,Bacteria_none,Actinobacteria,Actinomycetia,Micrococcales,Intrasporangiaceae,Bacteria;Bacteria_none;Actinobacteria;Actinomycetia;Micrococcales;Intrasporangiaceae;Knoellia
Phycicoccus,0,0,0,0,0,0,0,0,0,0,0,0,0,0,0,0,0,0,24,0,0,0,0,24,Bacteria,Bacteria_none,Actinobacteria,Actinomycetia,Micrococcales,Intrasporangiaceae,Bacteria;Bacteria_none;Actinobacteria;Actinomycetia;Micrococcales;Intrasporangiaceae;Phycicoccus
Agrococcus,11,0,0,0,0,0,0,0,0,0,0,0,0,2,0,0,0,0,0,0,0,0,0,13,Bacteria,Bacteria_none,Actinobacteria,Actinomycetia,Micrococcales,Microbacteriaceae,Bacteria;Bacteria_none;Actinobacteria;Actinomycetia;Micrococcales;Microbacteriaceae;Agrococcus
Agromyces,0,14,0,8,0,0,0,0,0,0,0,0,0,0,0,0,0,0,0,0,0,0,0,22,Bacteria,Bacteria_none,Actinobacteria,Actinomycetia,Micrococcales,Microbacteriaceae,Bacteria;Bacteria_none;Actinobacteria;Actinomycetia;Micrococcales;Microbacteriaceae;Agromyces
Curtobacterium,0,0,0,5,0,0,0,0,0,22,0,0,0,0,0,0,0,0,0,0,0,0,0,27,Bacteria,Bacteria_none,Actinobacteria,Actinomycetia,Micrococcales,Microbacteriaceae,Bacteria;Bacteria_none;Actinobacteria;Actinomycetia;Micrococcales;Microbacteriaceae;Curtobacterium
Galbitalea,0,4,0,0,0,0,0,0,0,0,0,0,0,0,0,0,0,0,0,0,0,0,0,4,Bacteria,Bacteria_none,Actinobacteria,Actinomycetia,Micrococcales,Microbacteriaceae,Bacteria;Bacteria_none;Actinobacteria;Actinomycetia;Micrococcales;Microbacteriaceae;Galbitalea
Leucobacter,0,0,0,0,0,0,0,0,0,0,0,0,0,0,0,140,0,0,0,0,0,0,0,140,Bacteria,Bacteria_none,Actinobacteria,Actinomycetia,Micrococcales,Microbacteriaceae,Bacteria;Bacteria_none;Actinobacteria;Actinomycetia;Micrococcales;Microbacteriaceae;Leucobacter
Microbacterium,10,56,2,48,3,0,6,0,0,0,0,3,0,0,4,58,0,0,61,0,0,0,0,251,Bacteria,Bacteria_none,Actinobacteria,Actinomycetia,Micrococcales,Microbacteriaceae,Bacteria;Bacteria_none;Actinobacteria;Actinomycetia;Micrococcales;Microbacteriaceae;Microbacterium
Mycetocola,0,0,0,0,0,0,0,0,0,0,0,0,0,0,0,3,0,0,0,0,0,0,0,3,Bacteria,Bacteria_none,Actinobacteria,Actinomycetia,Micrococcales,Microbacteriaceae,Bacteria;Bacteria_none;Actinobacteria;Actinomycetia;Micrococcales;Microbacteriaceae;Mycetocola
Arthrobacter,0,24,0,0,0,0,0,0,0,0,0,0,0,3,0,0,0,0,0,0,0,0,0,27,Bacteria,Bacteria_none,Actinobacteria,Actinomycetia,Micrococcales,Micrococcaceae,Bacteria;Bacteria_none;Actinobacteria;Actinomycetia;Micrococcales;Micrococcaceae;Arthrobacter
Citricoccus,0,3,0,0,0,0,0,0,0,0,0,0,0,0,0,0,0,0,0,0,0,0,0,3,Bacteria,Bacteria_none,Actinobacteria,Actinomycetia,Micrococcales,Micrococcaceae,Bacteria;Bacteria_none;Actinobacteria;Actinomycetia;Micrococcales;Micrococcaceae;Citricoccus
Enteractinococcus,0,0,0,0,0,0,0,0,0,0,0,0,0,0,10,0,0,0,0,0,0,0,0,10,Bacteria,Bacteria_none,Actinobacteria,Actinomycetia,Micrococcales,Micrococcaceae,Bacteria;Bacteria_none;Actinobacteria;Actinomycetia;Micrococcales;Micrococcaceae;Enteractinococcus
Garicola,0,0,0,0,0,0,0,0,0,0,0,0,0,0,6,0,0,0,0,0,0,0,0,6,Bacteria,Bacteria_none,Actinobacteria,Actinomycetia,Micrococcales,Micrococcaceae,Bacteria;Bacteria_none;Actinobacteria;Actinomycetia;Micrococcales;Micrococcaceae;Garicola
Kocuria,31,29,0,20,0,0,0,0,0,0,0,0,0,20,0,0,0,0,0,1,0,2,2,105,Bacteria,Bacteria_none,Actinobacteria,Actinomycetia,Micrococcales,Micrococcaceae,Bacteria;Bacteria_none;Actinobacteria;Actinomycetia;Micrococcales;Micrococcaceae;Kocuria
Micrococcus,0,0,5,0,0,0,0,0,0,0,0,0,64,11,0,0,0,0,21,2,0,2,1,106,Bacteria,Bacteria_none,Actinobacteria,Actinomycetia,Micrococcales,Micrococcaceae,Bacteria;Bacteria_none;Actinobacteria;Actinomycetia;Micrococcales;Micrococcaceae;Micrococcus
Nesterenkonia,0,0,5,0,0,0,0,0,0,0,0,0,0,6,27,0,0,0,0,0,0,0,0,38,Bacteria,Bacteria_none,Actinobacteria,Actinomycetia,Micrococcales,Micrococcaceae,Bacteria;Bacteria_none;Actinobacteria;Actinomycetia;Micrococcales;Micrococcaceae;Nesterenkonia
Rothia,0,0,0,0,0,0,0,0,0,0,0,0,0,0,0,97,0,0,0,0,0,0,0,97,Bacteria,Bacteria_none,Actinobacteria,Actinomycetia,Micrococcales,Micrococcaceae,Bacteria;Bacteria_none;Actinobacteria;Actinomycetia;Micrococcales;Micrococcaceae;Rothia
Ornithinimicrobium,9,2,0,9,0,0,0,0,0,0,0,2,0,14,0,87,0,0,25,2,0,0,0,150,Bacteria,Bacteria_none,Actinobacteria,Actinomycetia,Micrococcales,Ornithinimicrobiaceae,Bacteria;Bacteria_none;Actinobacteria;Actinomycetia;Micrococcales;Ornithinimicrobiaceae;Ornithinimicrobium
Serinicoccus,2,9,0,0,0,0,0,0,0,0,0,0,0,0,0,1,0,0,0,0,0,0,0,12,Bacteria,Bacteria_none,Actinobacteria,Actinomycetia,Micrococcales,Ornithinimicrobiaceae,Bacteria;Bacteria_none;Actinobacteria;Actinomycetia;Micrococcales;Ornithinimicrobiaceae;Serinicoccus
Cellulosimicrobium,16,0,0,8,0,0,0,0,0,0,0,0,0,0,0,0,0,0,0,0,0,0,0,24,Bacteria,Bacteria_none,Actinobacteria,Actinomycetia,Micrococcales,Promicromonosporaceae,Bacteria;Bacteria_none;Actinobacteria;Actinomycetia;Micrococcales;Promicromonosporaceae;Cellulosimicrobium
Actinoplanes,0,26,0,32,0,0,0,0,0,0,0,0,0,0,0,0,0,0,0,0,0,0,0,58,Bacteria,Bacteria_none,Actinobacteria,Actinomycetia,Micromonosporales,Micromonosporaceae,Bacteria;Bacteria_none;Actinobacteria;Actinomycetia;Micromonosporales;Micromonosporaceae;Actinoplanes
Asanoa,0,5,0,0,0,0,0,0,0,0,0,0,0,0,0,0,0,0,0,0,0,0,0,5,Bacteria,Bacteria_none,Actinobacteria,Actinomycetia,Micromonosporales,Micromonosporaceae,Bacteria;Bacteria_none;Actinobacteria;Actinomycetia;Micromonosporales;Micromonosporaceae;Asanoa
Couchioplanes,0,28,0,0,0,0,0,0,0,0,0,0,0,0,0,0,0,0,0,0,0,0,0,28,Bacteria,Bacteria_none,Actinobacteria,Actinomycetia,Micromonosporales,Micromonosporaceae,Bacteria;Bacteria_none;Actinobacteria;Actinomycetia;Micromonosporales;Micromonosporaceae;Couchioplanes
Micromonospora,0,0,0,4,0,0,0,0,0,0,0,0,0,0,0,0,0,0,0,0,0,0,0,4,Bacteria,Bacteria_none,Actinobacteria,Actinomycetia,Micromonosporales,Micromonosporaceae,Bacteria;Bacteria_none;Actinobacteria;Actinomycetia;Micromonosporales;Micromonosporaceae;Micromonospora
Phytohabitans,0,0,0,4,0,0,0,0,0,0,0,0,0,0,0,0,0,0,0,0,0,0,0,4,Bacteria,Bacteria_none,Actinobacteria,Actinomycetia,Micromonosporales,Micromonosporaceae,Bacteria;Bacteria_none;Actinobacteria;Actinomycetia;Micromonosporales;Micromonosporaceae;Phytohabitans
Plantactinospora,0,0,0,1,22,0,0,0,0,0,0,0,0,0,0,0,0,0,0,0,0,0,0,23,Bacteria,Bacteria_none,Actinobacteria,Actinomycetia,Micromonosporales,Micromonosporaceae,Bacteria;Bacteria_none;Actinobacteria;Actinomycetia;Micromonosporales;Micromonosporaceae;Plantactinospora
Pseudosporangium,0,16,0,0,0,0,0,0,0,0,0,0,0,0,0,0,0,0,0,0,0,0,0,16,Bacteria,Bacteria_none,Actinobacteria,Actinomycetia,Micromonosporales,Micromonosporaceae,Bacteria;Bacteria_none;Actinobacteria;Actinomycetia;Micromonosporales;Micromonosporaceae;Pseudosporangium
Virgisporangium,0,15,0,0,0,0,0,0,0,0,0,0,0,0,0,0,0,0,0,0,0,0,0,15,Bacteria,Bacteria_none,Actinobacteria,Actinomycetia,Micromonosporales,Micromonosporaceae,Bacteria;Bacteria_none;Actinobacteria;Actinomycetia;Micromonosporales;Micromonosporaceae;Virgisporangium
Wangella,0,3,0,0,0,0,0,0,0,0,0,0,0,0,0,0,0,0,0,0,0,0,0,3,Bacteria,Bacteria_none,Actinobacteria,Actinomycetia,Micromonosporales,Micromonosporaceae,Bacteria;Bacteria_none;Actinobacteria;Actinomycetia;Micromonosporales;Micromonosporaceae;Wangella
Aeromicrobium,0,8,0,0,0,0,0,0,0,0,0,0,0,0,0,0,0,0,0,0,0,0,0,8,Bacteria,Bacteria_none,Actinobacteria,Actinomycetia,Propionibacteriales,Nocardioidaceae,Bacteria;Bacteria_none;Actinobacteria;Actinomycetia;Propionibacteriales;Nocardioidaceae;Aeromicrobium
Marmoricola,0,6,0,0,0,1,0,0,0,0,0,0,0,0,0,0,0,0,0,0,0,0,0,7,Bacteria,Bacteria_none,Actinobacteria,Actinomycetia,Propionibacteriales,Nocardioidaceae,Bacteria;Bacteria_none;Actinobacteria;Actinomycetia;Propionibacteriales;Nocardioidaceae;Marmoricola
Nocardioides,27,95,1,8,0,141,2,0,0,1,0,0,11,4,0,0,0,0,0,0,0,0,0,290,Bacteria,Bacteria_none,Actinobacteria,Actinomycetia,Propionibacteriales,Nocardioidaceae,Bacteria;Bacteria_none;Actinobacteria;Actinomycetia;Propionibacteriales;Nocardioidaceae;Nocardioides
Pimelobacter,0,0,0,0,0,2,0,0,0,0,0,0,0,0,0,0,0,0,0,0,0,0,0,2,Bacteria,Bacteria_none,Actinobacteria,Actinomycetia,Propionibacteriales,Nocardioidaceae,Bacteria;Bacteria_none;Actinobacteria;Actinomycetia;Propionibacteriales;Nocardioidaceae;Pimelobacter
Cutibacterium,31,77,23,14,136,0,0,0,40,30,42,26,3045,59,55,30,0,0,441,4,2,0,0,4055,Bacteria,Bacteria_none,Actinobacteria,Actinomycetia,Propionibacteriales,Propionibacteriaceae,Bacteria;Bacteria_none;Actinobacteria;Actinomycetia;Propionibacteriales;Propionibacteriaceae;Cutibacterium
Desertihabitans,0,0,0,0,0,6,0,0,0,0,0,0,0,0,0,0,0,0,0,0,0,0,0,6,Bacteria,Bacteria_none,Actinobacteria,Actinomycetia,Propionibacteriales,Propionibacteriaceae,Bacteria;Bacteria_none;Actinobacteria;Actinomycetia;Propionibacteriales;Propionibacteriaceae;Desertihabitans
Enemella,2,0,0,0,0,0,0,0,0,0,0,0,0,0,0,0,0,0,0,0,0,0,0,2,Bacteria,Bacteria_none,Actinobacteria,Actinomycetia,Propionibacteriales,Propionibacteriaceae,Bacteria;Bacteria_none;Actinobacteria;Actinomycetia;Propionibacteriales;Propionibacteriaceae;Enemella
Microlunatus,9,31,0,0,0,0,0,0,0,0,0,0,0,0,0,0,0,0,0,0,0,0,0,40,Bacteria,Bacteria_none,Actinobacteria,Actinomycetia,Propionibacteriales,Propionibacteriaceae,Bacteria;Bacteria_none;Actinobacteria;Actinomycetia;Propionibacteriales;Propionibacteriaceae;Microlunatus
Naumannella,8,0,0,0,0,0,0,0,0,0,0,0,0,0,0,0,0,0,0,0,0,0,0,8,Bacteria,Bacteria_none,Actinobacteria,Actinomycetia,Propionibacteriales,Propionibacteriaceae,Bacteria;Bacteria_none;Actinobacteria;Actinomycetia;Propionibacteriales;Propionibacteriaceae;Naumannella
Propioniciclava,0,1,0,0,0,0,25,0,0,0,0,0,0,0,0,0,0,0,0,0,0,0,0,26,Bacteria,Bacteria_none,Actinobacteria,Actinomycetia,Propionibacteriales,Propionibacteriaceae,Bacteria;Bacteria_none;Actinobacteria;Actinomycetia;Propionibacteriales;Propionibacteriaceae;Propioniciclava
Tessaracoccus,0,0,0,0,0,0,0,0,40,0,0,0,66,0,0,0,0,0,0,0,3,0,0,109,Bacteria,Bacteria_none,Actinobacteria,Actinomycetia,Propionibacteriales,Propionibacteriaceae,Bacteria;Bacteria_none;Actinobacteria;Actinomycetia;Propionibacteriales;Propionibacteriaceae;Tessaracoccus
Actinomycetospora,0,16,0,0,0,1,0,0,0,0,0,0,0,0,0,0,0,0,0,0,0,0,0,17,Bacteria,Bacteria_none,Actinobacteria,Actinomycetia,Pseudonocardiales,Pseudonocardiaceae,Bacteria;Bacteria_none;Actinobacteria;Actinomycetia;Pseudonocardiales;Pseudonocardiaceae;Actinomycetospora
Goodfellowiella,0,0,0,0,0,0,0,0,0,0,0,0,2,0,0,0,0,0,0,0,0,0,0,2,Bacteria,Bacteria_none,Actinobacteria,Actinomycetia,Pseudonocardiales,Pseudonocardiaceae,Bacteria;Bacteria_none;Actinobacteria;Actinomycetia;Pseudonocardiales;Pseudonocardiaceae;Goodfellowiella
Pseudonocardia,0,4,0,12,0,0,0,0,0,0,0,0,4,0,0,0,0,0,0,0,0,0,0,20,Bacteria,Bacteria_none,Actinobacteria,Actinomycetia,Pseudonocardiales,Pseudonocardiaceae,Bacteria;Bacteria_none;Actinobacteria;Actinomycetia;Pseudonocardiales;Pseudonocardiaceae;Pseudonocardia
Saccharopolyspora,0,2,0,0,0,0,0,0,0,0,0,0,0,0,0,0,0,0,0,0,0,0,0,2,Bacteria,Bacteria_none,Actinobacteria,Actinomycetia,Pseudonocardiales,Pseudonocardiaceae,Bacteria;Bacteria_none;Actinobacteria;Actinomycetia;Pseudonocardiales;Pseudonocardiaceae;Saccharopolyspora
Streptomyces,10,36,0,0,0,0,0,0,0,0,0,0,0,0,0,5,0,0,0,0,0,0,0,51,Bacteria,Bacteria_none,Actinobacteria,Actinomycetia,Streptomycetales,Streptomycetaceae,Bacteria;Bacteria_none;Actinobacteria;Actinomycetia;Streptomycetales;Streptomycetaceae;Streptomyces
Nocardiopsis,11,0,0,0,0,0,0,0,0,0,0,0,0,0,3,0,0,0,0,0,0,0,0,14,Bacteria,Bacteria_none,Actinobacteria,Actinomycetia,Streptosporangiales,Nocardiopsaceae,Bacteria;Bacteria_none;Actinobacteria;Actinomycetia;Streptosporangiales;Nocardiopsaceae;Nocardiopsis
Eggerthella,0,0,0,0,0,0,0,0,0,0,0,0,0,4,0,0,0,0,0,0,0,0,0,4,Bacteria,Bacteria_none,Actinobacteria,Coriobacteriia,Eggerthellales,Eggerthellaceae,Bacteria;Bacteria_none;Actinobacteria;Coriobacteriia;Eggerthellales;Eggerthellaceae;Eggerthella
Gaiella,1,6,0,0,0,0,0,0,0,0,0,0,0,0,0,0,0,0,0,0,0,0,0,7,Bacteria,Bacteria_none,Actinobacteria,Rubrobacteria,Gaiellales,Gaiellaceae,Bacteria;Bacteria_none;Actinobacteria;Rubrobacteria;Gaiellales;Gaiellaceae;Gaiella
Rubrobacter,0,5,0,0,0,0,0,0,0,0,0,0,0,1,0,0,0,0,0,0,0,0,0,6,Bacteria,Bacteria_none,Actinobacteria,Rubrobacteria,Rubrobacterales,Rubrobacteraceae,Bacteria;Bacteria_none;Actinobacteria;Rubrobacteria;Rubrobacterales;Rubrobacteraceae;Rubrobacter
Parviterribacter,0,0,0,10,0,0,0,0,0,0,0,0,0,0,0,0,0,0,0,0,0,0,0,10,Bacteria,Bacteria_none,Actinobacteria,Thermoleophilia,Solirubrobacterales,Parviterribacteraceae,Bacteria;Bacteria_none;Actinobacteria;Thermoleophilia;Solirubrobacterales;Parviterribacteraceae;Parviterribacter
Solirubrobacter,50,103,0,0,0,0,0,0,3,0,0,0,0,0,0,0,0,0,0,0,0,0,0,156,Bacteria,Bacteria_none,Actinobacteria,Thermoleophilia,Solirubrobacterales,Solirubrobacteraceae,Bacteria;Bacteria_none;Actinobacteria;Thermoleophilia;Solirubrobacterales;Solirubrobacteraceae;Solirubrobacter
Phocaeicola,0,0,0,0,0,0,0,0,0,3,0,0,0,0,0,0,0,0,0,0,0,0,0,3,Bacteria,Bacteria_none,Bacteroidota,Bacteroidia,Bacteroidales,Bacteroidaceae,Bacteria;Bacteria_none;Bacteroidota;Bacteroidia;Bacteroidales;Bacteroidaceae;Phocaeicola
Flavisolibacter,24,12,0,0,0,0,0,0,0,0,0,0,0,0,0,0,0,0,0,0,0,0,0,36,Bacteria,Bacteria_none,Bacteroidota,Chitinophagia,Chitinophagales,Chitinophagaceae,Bacteria;Bacteria_none;Bacteroidota;Chitinophagia;Chitinophagales;Chitinophagaceae;Flavisolibacter
Flavitalea,0,26,0,0,0,0,0,0,0,0,0,0,0,0,0,0,0,0,0,0,0,0,0,26,Bacteria,Bacteria_none,Bacteroidota,Chitinophagia,Chitinophagales,Chitinophagaceae,Bacteria;Bacteria_none;Bacteroidota;Chitinophagia;Chitinophagales;Chitinophagaceae;Flavitalea
Hydrobacter,0,0,0,0,3,0,0,0,0,0,0,0,0,0,0,0,0,0,0,0,0,0,0,3,Bacteria,Bacteria_none,Bacteroidota,Chitinophagia,Chitinophagales,Chitinophagaceae,Bacteria;Bacteria_none;Bacteroidota;Chitinophagia;Chitinophagales;Chitinophagaceae;Hydrobacter
Paracnuella,0,0,0,0,0,41,0,0,0,0,0,0,0,0,0,0,0,0,0,0,0,0,0,41,Bacteria,Bacteria_none,Bacteroidota,Chitinophagia,Chitinophagales,Chitinophagaceae,Bacteria;Bacteria_none;Bacteroidota;Chitinophagia;Chitinophagales;Chitinophagaceae;Paracnuella
Phnomibacter,0,0,0,0,0,0,0,0,0,0,0,0,0,0,0,0,0,0,0,0,3,0,0,3,Bacteria,Bacteria_none,Bacteroidota,Chitinophagia,Chitinophagales,Chitinophagaceae,Bacteria;Bacteria_none;Bacteroidota;Chitinophagia;Chitinophagales;Chitinophagaceae;Phnomibacter
Pseudocnuella,0,0,0,0,0,10,0,0,0,0,0,0,0,0,0,0,0,0,0,0,0,0,0,10,Bacteria,Bacteria_none,Bacteroidota,Chitinophagia,Chitinophagales,Chitinophagaceae,Bacteria;Bacteria_none;Bacteroidota;Chitinophagia;Chitinophagales;Chitinophagaceae;Pseudocnuella
Sediminibacterium,0,0,0,0,55,0,0,30,0,3,0,1,0,0,0,0,0,0,0,0,0,0,7,96,Bacteria,Bacteria_none,Bacteroidota,Chitinophagia,Chitinophagales,Chitinophagaceae,Bacteria;Bacteria_none;Bacteroidota;Chitinophagia;Chitinophagales;Chitinophagaceae;Sediminibacterium
Terrimonas,11,2,0,0,0,0,0,0,0,0,0,0,0,0,0,0,0,0,0,0,0,0,0,13,Bacteria,Bacteria_none,Bacteroidota,Chitinophagia,Chitinophagales,Chitinophagaceae,Bacteria;Bacteria_none;Bacteroidota;Chitinophagia;Chitinophagales;Chitinophagaceae;Terrimonas
Algoriphagus,0,6,0,0,0,0,0,0,0,0,0,0,0,0,0,0,0,0,0,0,0,0,0,6,Bacteria,Bacteria_none,Bacteroidota,Cytophagia,Cytophagales,Cyclobacteriaceae,Bacteria;Bacteria_none;Bacteroidota;Cytophagia;Cytophagales;Cyclobacteriaceae;Algoriphagus
Chryseosolibacter,0,2,0,0,0,0,0,0,0,0,0,0,0,0,0,0,0,0,0,0,0,0,0,2,Bacteria,Bacteria_none,Bacteroidota,Cytophagia,Cytophagales,Cytophagaceae,Bacteria;Bacteria_none;Bacteroidota;Cytophagia;Cytophagales;Cytophagaceae;Chryseosolibacter
Spirosoma,41,0,0,0,0,0,10,0,0,0,0,0,75,0,0,0,0,0,0,0,0,0,4,130,Bacteria,Bacteria_none,Bacteroidota,Cytophagia,Cytophagales,Cytophagaceae,Bacteria;Bacteria_none;Bacteroidota;Cytophagia;Cytophagales;Cytophagaceae;Spirosoma
Chryseolinea,0,3,0,0,0,0,0,0,0,0,0,0,0,0,0,0,0,0,0,0,0,0,0,3,Bacteria,Bacteria_none,Bacteroidota,Cytophagia,Cytophagales,Fulvivirgaceae,Bacteria;Bacteria_none;Bacteroidota;Cytophagia;Cytophagales;Fulvivirgaceae;Chryseolinea
Adhaeribacter,0,7,0,0,0,0,0,0,0,0,0,0,0,0,0,0,0,0,0,0,0,1,0,8,Bacteria,Bacteria_none,Bacteroidota,Cytophagia,Cytophagales,Hymenobacteraceae,Bacteria;Bacteria_none;Bacteroidota;Cytophagia;Cytophagales;Hymenobacteraceae;Adhaeribacter
Hymenobacter,72,26,23,113,361,225,37,232,574,162,368,0,259,42,142,122,0,0,37,2,11,58,2,2868,Bacteria,Bacteria_none,Bacteroidota,Cytophagia,Cytophagales,Hymenobacteraceae,Bacteria;Bacteria_none;Bacteroidota;Cytophagia;Cytophagales;Hymenobacteraceae;Hymenobacter
Pontibacter,15,0,0,0,0,0,0,0,0,0,0,1,0,9,0,0,0,0,0,0,0,0,0,25,Bacteria,Bacteria_none,Bacteroidota,Cytophagia,Cytophagales,Hymenobacteraceae,Bacteria;Bacteria_none;Bacteroidota;Cytophagia;Cytophagales;Hymenobacteraceae;Pontibacter
Flavobacterium,200,409,50,41,695,320,45,78,0,0,0,0,0,0,0,0,0,0,0,0,0,50,0,1888,Bacteria,Bacteria_none,Bacteroidota,Flavobacteriia,Flavobacteriales,Flavobacteriaceae,Bacteria;Bacteria_none;Bacteroidota;Flavobacteriia;Flavobacteriales;Flavobacteriaceae;Flavobacterium
Salegentibacter,25,0,0,0,0,0,0,0,0,0,0,0,0,0,0,0,0,0,0,0,0,0,0,25,Bacteria,Bacteria_none,Bacteroidota,Flavobacteriia,Flavobacteriales,Flavobacteriaceae,Bacteria;Bacteria_none;Bacteroidota;Flavobacteriia;Flavobacteriales;Flavobacteriaceae;Salegentibacter
Salinimicrobium,0,0,0,0,23,0,0,0,0,0,0,0,0,0,0,29,0,0,0,0,0,0,0,52,Bacteria,Bacteria_none,Bacteroidota,Flavobacteriia,Flavobacteriales,Flavobacteriaceae,Bacteria;Bacteria_none;Bacteroidota;Flavobacteriia;Flavobacteriales;Flavobacteriaceae;Salinimicrobium
Cloacibacterium,14,0,0,0,0,0,0,0,0,0,0,0,0,0,0,0,0,0,0,0,0,0,0,14,Bacteria,Bacteria_none,Bacteroidota,Flavobacteriia,Flavobacteriales,Weeksellaceae,Bacteria;Bacteria_none;Bacteroidota;Flavobacteriia;Flavobacteriales;Weeksellaceae;Cloacibacterium
Epilithonimonas,0,0,0,0,0,7,0,0,0,0,0,0,0,0,0,0,0,0,0,0,0,0,0,7,Bacteria,Bacteria_none,Bacteroidota,Flavobacteriia,Flavobacteriales,Weeksellaceae,Bacteria;Bacteria_none;Bacteroidota;Flavobacteriia;Flavobacteriales;Weeksellaceae;Epilithonimonas
Sphingobacterium,0,9,0,0,0,0,4,0,0,0,0,0,0,0,0,0,0,0,0,0,0,0,0,13,Bacteria,Bacteria_none,Bacteroidota,Sphingobacteriia,Sphingobacteriales,Sphingobacteriaceae,Bacteria;Bacteria_none;Bacteroidota;Sphingobacteriia;Sphingobacteriales;Sphingobacteriaceae;Sphingobacterium
Chroococcidiopsis,0,9,0,0,0,0,0,0,0,0,0,0,0,0,0,0,0,0,0,0,0,0,0,9,Bacteria,Bacteria_none,Cyanobacteria,Cyanobacteria_Incertae_sedis,Chroococcidiopsidales,Chroococcidiopsidaceae,Bacteria;Bacteria_none;Cyanobacteria;Cyanobacteria_Incertae_sedis;Chroococcidiopsidales;Chroococcidiopsidaceae;Chroococcidiopsis
Albertania,0,0,0,0,0,0,0,0,0,0,0,0,16,0,0,0,0,0,0,0,0,0,0,16,Bacteria,Bacteria_none,Cyanobacteria,Cyanobacteria_Incertae_sedis,Pseudanabaenales,Leptolyngbyaceae,Bacteria;Bacteria_none;Cyanobacteria;Cyanobacteria_Incertae_sedis;Pseudanabaenales;Leptolyngbyaceae;Albertania
Deinococcus,46,0,0,0,0,0,0,0,0,0,0,0,0,0,0,0,0,0,0,0,0,0,0,46,Bacteria,Bacteria_none,Deinococcus-Thermus,Deinococci,Deinococcales,Deinococcaceae,Bacteria;Bacteria_none;Deinococcus-Thermus;Deinococci;Deinococcales;Deinococcaceae;Deinococcus
Alkalihalobacillus,0,0,0,0,0,0,0,0,0,0,0,0,0,0,0,85,0,0,0,0,0,0,0,85,Bacteria,Bacteria_none,Firmicutes,Bacilli,Bacillales,Bacillaceae,Bacteria;Bacteria_none;Firmicutes;Bacilli;Bacillales;Bacillaceae;Alkalihalobacillus
Bacillus,0,2,0,0,0,2,0,0,0,0,0,0,4,0,28,12,0,0,0,0,6,0,0,54,Bacteria,Bacteria_none,Firmicutes,Bacilli,Bacillales,Bacillaceae,Bacteria;Bacteria_none;Firmicutes;Bacilli;Bacillales;Bacillaceae;Bacillus
Cytobacillus,0,1,0,0,0,12,0,0,0,0,0,0,0,0,3,1,0,0,0,0,0,0,0,17,Bacteria,Bacteria_none,Firmicutes,Bacilli,Bacillales,Bacillaceae,Bacteria;Bacteria_none;Firmicutes;Bacilli;Bacillales;Bacillaceae;Cytobacillus
Fictibacillus,42,0,0,0,0,0,0,0,0,0,0,0,0,0,0,0,0,0,0,0,0,0,0,42,Bacteria,Bacteria_none,Firmicutes,Bacilli,Bacillales,Bacillaceae,Bacteria;Bacteria_none;Firmicutes;Bacilli;Bacillales;Bacillaceae;Fictibacillus
Lysinibacillus,33,0,0,0,0,0,0,0,0,0,0,0,0,0,0,0,0,0,0,0,0,0,0,33,Bacteria,Bacteria_none,Firmicutes,Bacilli,Bacillales,Bacillaceae,Bacteria;Bacteria_none;Firmicutes;Bacilli;Bacillales;Bacillaceae;Lysinibacillus
Mesobacillus,0,0,0,0,0,3,0,0,0,0,0,0,37,0,0,168,0,0,0,0,0,0,0,208,Bacteria,Bacteria_none,Firmicutes,Bacilli,Bacillales,Bacillaceae,Bacteria;Bacteria_none;Firmicutes;Bacilli;Bacillales;Bacillaceae;Mesobacillus
Metabacillus,0,0,0,322,0,0,0,0,0,0,0,0,0,0,0,0,0,0,0,0,0,0,0,322,Bacteria,Bacteria_none,Firmicutes,Bacilli,Bacillales,Bacillaceae,Bacteria;Bacteria_none;Firmicutes;Bacilli;Bacillales;Bacillaceae;Metabacillus
Neobacillus,0,1,2,0,0,71,2,0,0,0,0,0,0,0,1,0,0,0,0,0,1,0,0,78,Bacteria,Bacteria_none,Firmicutes,Bacilli,Bacillales,Bacillaceae,Bacteria;Bacteria_none;Firmicutes;Bacilli;Bacillales;Bacillaceae;Neobacillus
Niallia,0,0,0,0,0,0,0,0,0,0,0,0,0,0,21,0,0,0,0,0,0,0,0,21,Bacteria,Bacteria_none,Firmicutes,Bacilli,Bacillales,Bacillaceae,Bacteria;Bacteria_none;Firmicutes;Bacilli;Bacillales;Bacillaceae;Niallia
Oceanobacillus,16,0,0,0,0,0,0,0,0,0,0,0,0,0,0,0,0,0,0,0,0,0,0,16,Bacteria,Bacteria_none,Firmicutes,Bacilli,Bacillales,Bacillaceae,Bacteria;Bacteria_none;Firmicutes;Bacilli;Bacillales;Bacillaceae;Oceanobacillus
Peribacillus,506,112,88,125,1075,54,126,507,924,247,636,16,197,94,65,292,0,0,1237,21,165,143,6,6636,Bacteria,Bacteria_none,Firmicutes,Bacilli,Bacillales,Bacillaceae,Bacteria;Bacteria_none;Firmicutes;Bacilli;Bacillales;Bacillaceae;Peribacillus
Priestia,0,0,0,0,0,0,0,0,0,0,0,0,0,16,0,0,0,0,0,0,0,0,0,16,Bacteria,Bacteria_none,Firmicutes,Bacilli,Bacillales,Bacillaceae,Bacteria;Bacteria_none;Firmicutes;Bacilli;Bacillales;Bacillaceae;Priestia
Pseudoneobacillus,0,13,0,0,0,0,0,0,0,0,0,0,0,0,0,0,0,0,0,0,0,0,0,13,Bacteria,Bacteria_none,Firmicutes,Bacilli,Bacillales,Bacillaceae,Bacteria;Bacteria_none;Firmicutes;Bacilli;Bacillales;Bacillaceae;Pseudoneobacillus
Shouchella,0,0,0,0,0,0,0,0,0,0,0,0,0,0,0,7,0,0,0,0,0,0,0,7,Bacteria,Bacteria_none,Firmicutes,Bacilli,Bacillales,Bacillaceae,Bacteria;Bacteria_none;Firmicutes;Bacilli;Bacillales;Bacillaceae;Shouchella
Exiguobacterium,0,0,0,87,0,0,0,0,0,0,0,0,0,0,0,0,0,0,0,0,0,0,0,87,Bacteria,Bacteria_none,Firmicutes,Bacilli,Bacillales,Bacillales_Incertae_sedis,Bacteria;Bacteria_none;Firmicutes;Bacilli;Bacillales;Bacillales_Incertae_sedis;Exiguobacterium
Aneurinibacillus,0,0,0,0,0,0,0,0,0,0,0,0,5,0,0,0,0,0,0,0,0,0,0,5,Bacteria,Bacteria_none,Firmicutes,Bacilli,Bacillales,Paenibacillaceae,Bacteria;Bacteria_none;Firmicutes;Bacilli;Bacillales;Paenibacillaceae;Aneurinibacillus
Paenibacillus,0,0,0,6,0,0,12,0,0,0,0,0,0,13,0,0,0,0,0,0,1,0,0,32,Bacteria,Bacteria_none,Firmicutes,Bacilli,Bacillales,Paenibacillaceae,Bacteria;Bacteria_none;Firmicutes;Bacilli;Bacillales;Paenibacillaceae;Paenibacillus
Bhargavaea,0,0,0,0,0,0,0,0,0,0,0,0,0,16,0,0,0,0,0,0,0,0,0,16,Bacteria,Bacteria_none,Firmicutes,Bacilli,Bacillales,Planococcaceae,Bacteria;Bacteria_none;Firmicutes;Bacilli;Bacillales;Planococcaceae;Bhargavaea
Chryseomicrobium,0,0,0,0,0,73,0,0,0,0,0,0,0,0,0,0,0,0,0,0,0,0,0,73,Bacteria,Bacteria_none,Firmicutes,Bacilli,Bacillales,Planococcaceae,Bacteria;Bacteria_none;Firmicutes;Bacilli;Bacillales;Planococcaceae;Chryseomicrobium
Metaplanococcus,0,0,0,0,0,0,0,0,0,0,0,0,0,12,0,0,0,0,0,0,0,0,0,12,Bacteria,Bacteria_none,Firmicutes,Bacilli,Bacillales,Planococcaceae,Bacteria;Bacteria_none;Firmicutes;Bacilli;Bacillales;Planococcaceae;Metaplanococcus
Planomicrobium,0,0,0,0,0,0,0,0,0,0,0,0,0,2,0,0,0,0,0,0,0,0,0,2,Bacteria,Bacteria_none,Firmicutes,Bacilli,Bacillales,Planococcaceae,Bacteria;Bacteria_none;Firmicutes;Bacilli;Bacillales;Planococcaceae;Planomicrobium
Aliicoccus,0,0,0,0,54,0,0,0,0,0,0,0,0,0,11,0,0,0,0,0,9,0,0,74,Bacteria,Bacteria_none,Firmicutes,Bacilli,Bacillales,Staphylococcaceae,Bacteria;Bacteria_none;Firmicutes;Bacilli;Bacillales;Staphylococcaceae;Aliicoccus
Jeotgalicoccus,0,0,0,0,0,0,0,0,0,0,0,0,0,0,18,0,0,0,0,8,0,0,0,26,Bacteria,Bacteria_none,Firmicutes,Bacilli,Bacillales,Staphylococcaceae,Bacteria;Bacteria_none;Firmicutes;Bacilli;Bacillales;Staphylococcaceae;Jeotgalicoccus
Salinicoccus,0,17,1,0,0,0,0,0,83,0,0,0,0,27,70,46,0,0,0,9,1,0,0,254,Bacteria,Bacteria_none,Firmicutes,Bacilli,Bacillales,Staphylococcaceae,Bacteria;Bacteria_none;Firmicutes;Bacilli;Bacillales;Staphylococcaceae;Salinicoccus
Staphylococcus,36,1,28,39,178,63,0,131,0,54,94,0,29,0,0,88,0,0,884,22,14,30,7,1698,Bacteria,Bacteria_none,Firmicutes,Bacilli,Bacillales,Staphylococcaceae,Bacteria;Bacteria_none;Firmicutes;Bacilli;Bacillales;Staphylococcaceae;Staphylococcus
Ruoffia,0,0,6,0,0,0,0,0,0,0,0,0,0,11,0,0,0,0,0,2,0,0,0,19,Bacteria,Bacteria_none,Firmicutes,Bacilli,Lactobacillales,Aerococcaceae,Bacteria;Bacteria_none;Firmicutes;Bacilli;Lactobacillales;Aerococcaceae;Ruoffia
Alkalibacterium,0,0,5,0,0,0,0,0,0,0,0,0,0,0,0,0,0,0,0,0,0,0,0,5,Bacteria,Bacteria_none,Firmicutes,Bacilli,Lactobacillales,Carnobacteriaceae,Bacteria;Bacteria_none;Firmicutes;Bacilli;Lactobacillales;Carnobacteriaceae;Alkalibacterium
Atopostipes,0,0,0,0,0,0,0,0,0,0,0,0,0,1,46,55,0,0,0,6,0,0,0,108,Bacteria,Bacteria_none,Firmicutes,Bacilli,Lactobacillales,Carnobacteriaceae,Bacteria;Bacteria_none;Firmicutes;Bacilli;Lactobacillales;Carnobacteriaceae;Atopostipes
Dolosigranulum,0,0,0,0,0,0,0,0,0,0,0,0,0,0,0,0,0,0,0,0,0,2,0,2,Bacteria,Bacteria_none,Firmicutes,Bacilli,Lactobacillales,Carnobacteriaceae,Bacteria;Bacteria_none;Firmicutes;Bacilli;Lactobacillales;Carnobacteriaceae;Dolosigranulum
Enterococcus,0,0,0,0,0,27,21,0,0,0,0,0,0,0,0,0,0,0,0,0,0,0,0,48,Bacteria,Bacteria_none,Firmicutes,Bacilli,Lactobacillales,Enterococcaceae,Bacteria;Bacteria_none;Firmicutes;Bacilli;Lactobacillales;Enterococcaceae;Enterococcus
Lactobacillus,0,47,0,0,0,0,6,0,0,0,0,0,0,0,0,0,0,0,0,0,0,0,0,53,Bacteria,Bacteria_none,Firmicutes,Bacilli,Lactobacillales,Lactobacillaceae,Bacteria;Bacteria_none;Firmicutes;Bacilli;Lactobacillales;Lactobacillaceae;Lactobacillus
Leuconostoc,0,0,0,0,0,0,0,0,0,0,0,0,0,0,0,51,0,0,0,0,0,0,0,51,Bacteria,Bacteria_none,Firmicutes,Bacilli,Lactobacillales,Lactobacillaceae,Bacteria;Bacteria_none;Firmicutes;Bacilli;Lactobacillales;Lactobacillaceae;Leuconostoc
Chungangia,0,17,0,0,0,0,0,0,0,0,0,0,0,0,0,0,0,0,0,0,0,0,0,17,Bacteria,Bacteria_none,Firmicutes,Bacilli,Lactobacillales,Lactobacillales_Incertae_sedis,Bacteria;Bacteria_none;Firmicutes;Bacilli;Lactobacillales;Lactobacillales_Incertae_sedis;Chungangia
Streptococcus,0,0,0,0,0,0,0,0,0,0,27,0,0,0,0,0,0,0,0,5,0,0,0,32,Bacteria,Bacteria_none,Firmicutes,Bacilli,Lactobacillales,Streptococcaceae,Bacteria;Bacteria_none;Firmicutes;Bacilli;Lactobacillales;Streptococcaceae;Streptococcus
Christensenella,0,0,0,0,0,0,2,0,0,0,0,0,0,0,0,0,0,0,0,0,0,0,0,2,Bacteria,Bacteria_none,Firmicutes,Clostridia,Eubacteriales,Christensenellaceae,Bacteria;Bacteria_none;Firmicutes;Clostridia;Eubacteriales;Christensenellaceae;Christensenella
Clostridium,32,0,0,0,0,0,0,0,0,0,0,0,0,10,0,0,0,0,0,1,0,0,0,43,Bacteria,Bacteria_none,Firmicutes,Clostridia,Eubacteriales,Clostridiaceae,Bacteria;Bacteria_none;Firmicutes;Clostridia;Eubacteriales;Clostridiaceae;Clostridium
Faecalimonas,0,0,0,0,0,0,0,0,0,0,0,0,0,4,0,0,0,0,0,0,0,0,0,4,Bacteria,Bacteria_none,Firmicutes,Clostridia,Eubacteriales,Lachnospiraceae,Bacteria;Bacteria_none;Firmicutes;Clostridia;Eubacteriales;Lachnospiraceae;Faecalimonas
Anaerotruncus,0,0,0,0,0,0,0,0,0,0,0,0,0,4,0,0,0,0,0,0,0,0,0,4,Bacteria,Bacteria_none,Firmicutes,Clostridia,Eubacteriales,Oscillospiraceae,Bacteria;Bacteria_none;Firmicutes;Clostridia;Eubacteriales;Oscillospiraceae;Anaerotruncus
Intestinibacter,0,0,0,0,0,0,0,0,0,0,0,0,0,0,2,0,0,0,0,0,0,0,0,2,Bacteria,Bacteria_none,Firmicutes,Clostridia,Eubacteriales,Peptostreptococcaceae,Bacteria;Bacteria_none;Firmicutes;Clostridia;Eubacteriales;Peptostreptococcaceae;Intestinibacter
Paeniclostridium,0,0,0,0,0,0,0,0,0,0,0,0,0,86,0,0,0,0,0,0,1,0,0,87,Bacteria,Bacteria_none,Firmicutes,Clostridia,Eubacteriales,Peptostreptococcaceae,Bacteria;Bacteria_none;Firmicutes;Clostridia;Eubacteriales;Peptostreptococcaceae;Paeniclostridium
Romboutsia,0,0,0,0,0,0,0,0,0,0,0,0,0,0,10,0,0,0,43,0,21,0,0,74,Bacteria,Bacteria_none,Firmicutes,Clostridia,Eubacteriales,Peptostreptococcaceae,Bacteria;Bacteria_none;Firmicutes;Clostridia;Eubacteriales;Peptostreptococcaceae;Romboutsia
Megasphaera,26,0,0,0,0,0,0,0,0,0,0,0,0,0,0,0,0,0,0,0,0,0,0,26,Bacteria,Bacteria_none,Firmicutes,Negativicutes,Veillonellales,Veillonellaceae,Bacteria;Bacteria_none;Firmicutes;Negativicutes;Veillonellales;Veillonellaceae;Megasphaera
Peptoniphilus,0,0,0,0,0,0,0,0,0,0,0,0,0,5,0,0,0,0,0,0,0,0,0,5,Bacteria,Bacteria_none,Firmicutes,Tissierellia,Tissierellales,Peptoniphilaceae,Bacteria;Bacteria_none;Firmicutes;Tissierellia;Tissierellales;Peptoniphilaceae;Peptoniphilus
Nitrospira,0,11,0,0,0,0,0,0,0,0,0,0,0,0,0,0,0,0,0,0,0,0,0,11,Bacteria,Bacteria_none,Nitrospirae,Nitrospira,Nitrospirales,Nitrospiraceae,Bacteria;Bacteria_none;Nitrospirae;Nitrospira;Nitrospirales;Nitrospiraceae;Nitrospira
Gemmata,0,9,0,0,0,0,0,0,0,0,0,0,0,0,0,0,0,0,0,0,0,0,0,9,Bacteria,Bacteria_none,Planctomycetota,Planctomycetia,Gemmatales,Gemmataceae,Bacteria;Bacteria_none;Planctomycetota;Planctomycetia;Gemmatales;Gemmataceae;Gemmata
Singulisphaera,16,0,0,0,0,0,0,0,0,0,0,0,0,0,0,0,0,0,0,0,0,0,0,16,Bacteria,Bacteria_none,Planctomycetota,Planctomycetia,Isosphaerales,Isosphaeraceae,Bacteria;Bacteria_none;Planctomycetota;Planctomycetia;Isosphaerales;Isosphaeraceae;Singulisphaera
Botrimarina,0,4,0,0,0,0,0,0,0,0,0,0,0,0,0,0,0,0,0,0,0,0,0,4,Bacteria,Bacteria_none,Planctomycetota,Planctomycetia,Pirellulales,Lacipirellulaceae,Bacteria;Bacteria_none;Planctomycetota;Planctomycetia;Pirellulales;Lacipirellulaceae;Botrimarina
Brevundimonas,45,0,8,0,85,0,0,26,0,0,0,2,41,8,0,0,0,0,0,0,0,0,0,215,Bacteria,Bacteria_none,Proteobacteria,Alphaproteobacteria,Caulobacterales,Caulobacteraceae,Bacteria;Bacteria_none;Proteobacteria;Alphaproteobacteria;Caulobacterales;Caulobacteraceae;Brevundimonas
Caulobacter,0,0,1,28,0,0,5,0,0,0,16,0,0,0,0,0,0,0,0,4,0,0,0,54,Bacteria,Bacteria_none,Proteobacteria,Alphaproteobacteria,Caulobacterales,Caulobacteraceae,Bacteria;Bacteria_none;Proteobacteria;Alphaproteobacteria;Caulobacterales;Caulobacteraceae;Caulobacter
Phenylobacterium,0,5,0,0,0,0,0,0,0,0,0,0,0,0,18,0,0,0,0,0,0,0,0,23,Bacteria,Bacteria_none,Proteobacteria,Alphaproteobacteria,Caulobacterales,Caulobacteraceae,Bacteria;Bacteria_none;Proteobacteria;Alphaproteobacteria;Caulobacterales;Caulobacteraceae;Phenylobacterium
Aureimonas,0,0,0,0,0,0,0,0,0,0,13,0,0,0,20,0,0,0,0,0,0,0,9,42,Bacteria,Bacteria_none,Proteobacteria,Alphaproteobacteria,Hyphomicrobiales,Aurantimonadaceae,Bacteria;Bacteria_none;Proteobacteria;Alphaproteobacteria;Hyphomicrobiales;Aurantimonadaceae;Aureimonas
Bartonella,0,0,0,0,0,0,0,0,0,0,0,0,0,0,0,0,0,0,0,4,0,0,0,4,Bacteria,Bacteria_none,Proteobacteria,Alphaproteobacteria,Hyphomicrobiales,Bartonellaceae,Bacteria;Bacteria_none;Proteobacteria;Alphaproteobacteria;Hyphomicrobiales;Bartonellaceae;Bartonella
Bosea,24,0,0,0,0,0,0,0,0,0,0,0,0,0,0,0,0,0,0,0,0,0,0,24,Bacteria,Bacteria_none,Proteobacteria,Alphaproteobacteria,Hyphomicrobiales,Boseaceae,Bacteria;Bacteria_none;Proteobacteria;Alphaproteobacteria;Hyphomicrobiales;Boseaceae;Bosea
Brucella,0,0,0,5,46,0,0,0,0,0,0,0,0,0,0,0,0,0,0,0,0,0,0,51,Bacteria,Bacteria_none,Proteobacteria,Alphaproteobacteria,Hyphomicrobiales,Brucellaceae,Bacteria;Bacteria_none;Proteobacteria;Alphaproteobacteria;Hyphomicrobiales;Brucellaceae;Brucella
Devosia,0,45,0,53,0,0,0,0,0,0,0,0,0,0,0,0,0,0,0,0,0,0,0,98,Bacteria,Bacteria_none,Proteobacteria,Alphaproteobacteria,Hyphomicrobiales,Devosiaceae,Bacteria;Bacteria_none;Proteobacteria;Alphaproteobacteria;Hyphomicrobiales;Devosiaceae;Devosia
Methyloterrigena,0,3,0,0,0,0,0,0,0,0,0,0,0,0,0,0,0,0,0,0,0,0,0,3,Bacteria,Bacteria_none,Proteobacteria,Alphaproteobacteria,Hyphomicrobiales,Devosiaceae,Bacteria;Bacteria_none;Proteobacteria;Alphaproteobacteria;Hyphomicrobiales;Devosiaceae;Methyloterrigena
Pelagibacterium,0,9,0,0,0,0,0,0,0,0,0,0,0,0,0,0,0,0,0,0,0,0,0,9,Bacteria,Bacteria_none,Proteobacteria,Alphaproteobacteria,Hyphomicrobiales,Devosiaceae,Bacteria;Bacteria_none;Proteobacteria;Alphaproteobacteria;Hyphomicrobiales;Devosiaceae;Pelagibacterium
Youhaiella,0,2,0,0,0,0,0,0,0,0,0,0,0,0,0,0,0,0,0,0,0,0,0,2,Bacteria,Bacteria_none,Proteobacteria,Alphaproteobacteria,Hyphomicrobiales,Devosiaceae,Bacteria;Bacteria_none;Proteobacteria;Alphaproteobacteria;Hyphomicrobiales;Devosiaceae;Youhaiella
Caenibius,4,0,0,0,0,0,0,0,0,0,0,0,0,0,0,0,0,0,0,0,0,0,0,4,Bacteria,Bacteria_none,Proteobacteria,Alphaproteobacteria,Hyphomicrobiales,Hyphomicrobiaceae,Bacteria;Bacteria_none;Proteobacteria;Alphaproteobacteria;Hyphomicrobiales;Hyphomicrobiaceae;Caenibius
Hyphomicrobium,0,22,0,5,1,0,3,0,0,0,0,0,0,0,5,0,0,0,0,0,8,0,0,44,Bacteria,Bacteria_none,Proteobacteria,Alphaproteobacteria,Hyphomicrobiales,Hyphomicrobiaceae,Bacteria;Bacteria_none;Proteobacteria;Alphaproteobacteria;Hyphomicrobiales;Hyphomicrobiaceae;Hyphomicrobium
Flaviflagellibacter,0,3,0,0,0,0,0,0,0,0,0,0,0,0,0,0,0,0,0,0,0,0,0,3,Bacteria,Bacteria_none,Proteobacteria,Alphaproteobacteria,Hyphomicrobiales,Hyphomicrobiales_Incertae_sedis,Bacteria;Bacteria_none;Proteobacteria;Alphaproteobacteria;Hyphomicrobiales;Hyphomicrobiales_Incertae_sedis;Flaviflagellibacter
Pseudorhodoplanes,0,7,0,0,0,0,0,0,0,0,0,0,0,0,0,0,0,0,0,0,0,0,0,7,Bacteria,Bacteria_none,Proteobacteria,Alphaproteobacteria,Hyphomicrobiales,Hyphomicrobiales_Incertae_sedis,Bacteria;Bacteria_none;Proteobacteria;Alphaproteobacteria;Hyphomicrobiales;Hyphomicrobiales_Incertae_sedis;Pseudorhodoplanes
Enterovirga,0,5,0,0,0,0,0,0,0,0,0,0,0,0,0,0,0,0,0,0,0,0,0,5,Bacteria,Bacteria_none,Proteobacteria,Alphaproteobacteria,Hyphomicrobiales,Methylobacteriaceae,Bacteria;Bacteria_none;Proteobacteria;Alphaproteobacteria;Hyphomicrobiales;Methylobacteriaceae;Enterovirga
Methylobacterium,0,0,0,0,0,0,0,0,0,13,0,0,0,0,0,0,0,0,0,6,0,0,0,19,Bacteria,Bacteria_none,Proteobacteria,Alphaproteobacteria,Hyphomicrobiales,Methylobacteriaceae,Bacteria;Bacteria_none;Proteobacteria;Alphaproteobacteria;Hyphomicrobiales;Methylobacteriaceae;Methylobacterium
Methylorubrum,38,0,0,0,53,20,0,0,0,0,0,10,58,26,24,0,0,0,0,0,0,0,0,229,Bacteria,Bacteria_none,Proteobacteria,Alphaproteobacteria,Hyphomicrobiales,Methylobacteriaceae,Bacteria;Bacteria_none;Proteobacteria;Alphaproteobacteria;Hyphomicrobiales;Methylobacteriaceae;Methylorubrum
Microvirga,22,70,0,0,0,14,0,0,0,0,0,2,0,0,0,88,0,0,0,0,0,0,1,197,Bacteria,Bacteria_none,Proteobacteria,Alphaproteobacteria,Hyphomicrobiales,Methylobacteriaceae,Bacteria;Bacteria_none;Proteobacteria;Alphaproteobacteria;Hyphomicrobiales;Methylobacteriaceae;Microvirga
Afipia,0,0,1,0,0,1,0,0,0,0,0,0,0,0,0,0,0,0,3,0,0,0,0,5,Bacteria,Bacteria_none,Proteobacteria,Alphaproteobacteria,Hyphomicrobiales,Nitrobacteraceae,Bacteria;Bacteria_none;Proteobacteria;Alphaproteobacteria;Hyphomicrobiales;Nitrobacteraceae;Afipia
Bradyrhizobium,20,33,14,0,2,34,2,0,13,0,0,0,0,0,0,0,0,0,143,2,8,0,5,276,Bacteria,Bacteria_none,Proteobacteria,Alphaproteobacteria,Hyphomicrobiales,Nitrobacteraceae,Bacteria;Bacteria_none;Proteobacteria;Alphaproteobacteria;Hyphomicrobiales;Nitrobacteraceae;Bradyrhizobium
Rhodopseudomonas,0,0,0,0,0,0,0,0,0,0,0,0,0,0,8,0,0,0,0,0,0,0,0,8,Bacteria,Bacteria_none,Proteobacteria,Alphaproteobacteria,Hyphomicrobiales,Nitrobacteraceae,Bacteria;Bacteria_none;Proteobacteria;Alphaproteobacteria;Hyphomicrobiales;Nitrobacteraceae;Rhodopseudomonas
Notoacmeibacter,0,0,0,0,0,0,0,0,0,0,0,0,0,0,3,0,0,0,0,0,0,0,0,3,Bacteria,Bacteria_none,Proteobacteria,Alphaproteobacteria,Hyphomicrobiales,Notoacmeibacteraceae,Bacteria;Bacteria_none;Proteobacteria;Alphaproteobacteria;Hyphomicrobiales;Notoacmeibacteraceae;Notoacmeibacter
Mesorhizobium,0,19,0,20,59,116,0,4,0,0,0,1,0,0,6,80,0,0,165,0,1,0,0,471,Bacteria,Bacteria_none,Proteobacteria,Alphaproteobacteria,Hyphomicrobiales,Phyllobacteriaceae,Bacteria;Bacteria_none;Proteobacteria;Alphaproteobacteria;Hyphomicrobiales;Phyllobacteriaceae;Mesorhizobium
Tianweitania,6,0,0,0,0,0,0,0,0,0,0,0,0,0,0,0,0,0,0,0,0,0,0,6,Bacteria,Bacteria_none,Proteobacteria,Alphaproteobacteria,Hyphomicrobiales,Phyllobacteriaceae,Bacteria;Bacteria_none;Proteobacteria;Alphaproteobacteria;Hyphomicrobiales;Phyllobacteriaceae;Tianweitania
Propylenella,0,9,0,0,0,0,0,0,0,0,0,0,0,0,0,0,0,0,0,0,0,0,0,9,Bacteria,Bacteria_none,Proteobacteria,Alphaproteobacteria,Hyphomicrobiales,Propylenellaceae,Bacteria;Bacteria_none;Proteobacteria;Alphaproteobacteria;Hyphomicrobiales;Propylenellaceae;Propylenella
Reyranella,0,3,0,0,0,0,0,0,0,0,0,0,0,0,0,0,0,0,0,0,0,0,0,3,Bacteria,Bacteria_none,Proteobacteria,Alphaproteobacteria,Hyphomicrobiales,Reyranellaceae,Bacteria;Bacteria_none;Proteobacteria;Alphaproteobacteria;Hyphomicrobiales;Reyranellaceae;Reyranella
Pseudorhizobium,0,6,0,0,0,0,0,0,0,0,0,0,0,0,0,0,0,0,0,0,0,0,0,6,Bacteria,Bacteria_none,Proteobacteria,Alphaproteobacteria,Hyphomicrobiales,Rhizobiaceae,Bacteria;Bacteria_none;Proteobacteria;Alphaproteobacteria;Hyphomicrobiales;Rhizobiaceae;Pseudorhizobium
Rhizobium,15,2,6,17,0,0,0,0,0,0,0,0,0,0,0,33,0,0,0,0,0,0,9,82,Bacteria,Bacteria_none,Proteobacteria,Alphaproteobacteria,Hyphomicrobiales,Rhizobiaceae,Bacteria;Bacteria_none;Proteobacteria;Alphaproteobacteria;Hyphomicrobiales;Rhizobiaceae;Rhizobium
Shinella,0,15,6,48,0,0,0,0,0,0,0,5,0,0,0,35,0,0,0,4,0,0,7,120,Bacteria,Bacteria_none,Proteobacteria,Alphaproteobacteria,Hyphomicrobiales,Rhizobiaceae,Bacteria;Bacteria_none;Proteobacteria;Alphaproteobacteria;Hyphomicrobiales;Rhizobiaceae;Shinella
Pseudolabrys,0,0,0,0,0,0,0,0,0,0,0,0,0,0,0,0,0,0,0,0,0,0,3,3,Bacteria,Bacteria_none,Proteobacteria,Alphaproteobacteria,Hyphomicrobiales,Xanthobacteraceae,Bacteria;Bacteria_none;Proteobacteria;Alphaproteobacteria;Hyphomicrobiales;Xanthobacteraceae;Pseudolabrys
Asprobacter,0,3,0,0,0,0,0,0,0,0,0,0,0,0,0,0,0,0,0,0,0,0,0,3,Bacteria,Bacteria_none,Proteobacteria,Alphaproteobacteria,Hyphomonadales,Hyphomonadaceae,Bacteria;Bacteria_none;Proteobacteria;Alphaproteobacteria;Hyphomonadales;Hyphomonadaceae;Asprobacter
Amaricoccus,0,16,0,0,0,0,0,0,0,0,0,0,0,0,0,0,0,0,0,0,0,0,0,16,Bacteria,Bacteria_none,Proteobacteria,Alphaproteobacteria,Rhodobacterales,Rhodobacteraceae,Bacteria;Bacteria_none;Proteobacteria;Alphaproteobacteria;Rhodobacterales;Rhodobacteraceae;Amaricoccus
Falsirhodobacter,25,0,0,0,0,0,0,0,0,0,0,0,0,0,0,0,0,0,0,0,0,0,0,25,Bacteria,Bacteria_none,Proteobacteria,Alphaproteobacteria,Rhodobacterales,Rhodobacteraceae,Bacteria;Bacteria_none;Proteobacteria;Alphaproteobacteria;Rhodobacterales;Rhodobacteraceae;Falsirhodobacter
Haematobacter,0,0,0,0,0,0,0,39,0,0,0,0,0,0,0,0,0,0,0,0,0,0,0,39,Bacteria,Bacteria_none,Proteobacteria,Alphaproteobacteria,Rhodobacterales,Rhodobacteraceae,Bacteria;Bacteria_none;Proteobacteria;Alphaproteobacteria;Rhodobacterales;Rhodobacteraceae;Haematobacter
Oceanicella,0,0,0,0,5,0,0,0,0,0,0,0,0,0,0,0,0,0,0,0,0,0,0,5,Bacteria,Bacteria_none,Proteobacteria,Alphaproteobacteria,Rhodobacterales,Rhodobacteraceae,Bacteria;Bacteria_none;Proteobacteria;Alphaproteobacteria;Rhodobacterales;Rhodobacteraceae;Oceanicella
Paracoccus,0,20,12,0,145,0,20,13,0,0,0,0,0,4,0,55,0,0,0,0,0,1,10,280,Bacteria,Bacteria_none,Proteobacteria,Alphaproteobacteria,Rhodobacterales,Rhodobacteraceae,Bacteria;Bacteria_none;Proteobacteria;Alphaproteobacteria;Rhodobacterales;Rhodobacteraceae;Paracoccus
Roseitranquillus,0,13,0,0,0,0,0,0,0,0,0,0,0,0,0,0,0,0,0,0,0,0,0,13,Bacteria,Bacteria_none,Proteobacteria,Alphaproteobacteria,Rhodobacterales,Rhodobacteraceae,Bacteria;Bacteria_none;Proteobacteria;Alphaproteobacteria;Rhodobacterales;Rhodobacteraceae;Roseitranquillus
Rubellimicrobium,0,11,0,0,0,0,0,0,0,0,0,0,0,0,0,0,0,0,0,0,0,0,0,11,Bacteria,Bacteria_none,Proteobacteria,Alphaproteobacteria,Rhodobacterales,Roseobacteraceae,Bacteria;Bacteria_none;Proteobacteria;Alphaproteobacteria;Rhodobacterales;Roseobacteraceae;Rubellimicrobium
Acidibrevibacterium,0,0,0,0,0,0,0,0,0,0,0,0,10,0,0,0,0,0,0,0,0,0,0,10,Bacteria,Bacteria_none,Proteobacteria,Alphaproteobacteria,Rhodospirillales,Acetobacteraceae,Bacteria;Bacteria_none;Proteobacteria;Alphaproteobacteria;Rhodospirillales;Acetobacteraceae;Acidibrevibacterium
Asaia,0,0,0,0,0,0,0,0,0,0,0,0,0,0,1,121,0,0,0,0,0,0,0,122,Bacteria,Bacteria_none,Proteobacteria,Alphaproteobacteria,Rhodospirillales,Acetobacteraceae,Bacteria;Bacteria_none;Proteobacteria;Alphaproteobacteria;Rhodospirillales;Acetobacteraceae;Asaia
Belnapia,11,0,0,0,0,134,0,0,0,0,0,0,0,0,0,0,0,0,0,0,0,0,0,145,Bacteria,Bacteria_none,Proteobacteria,Alphaproteobacteria,Rhodospirillales,Acetobacteraceae,Bacteria;Bacteria_none;Proteobacteria;Alphaproteobacteria;Rhodospirillales;Acetobacteraceae;Belnapia
Falsiroseomonas,0,0,0,0,0,12,0,0,0,0,0,0,0,0,0,0,0,0,0,0,0,0,0,12,Bacteria,Bacteria_none,Proteobacteria,Alphaproteobacteria,Rhodospirillales,Acetobacteraceae,Bacteria;Bacteria_none;Proteobacteria;Alphaproteobacteria;Rhodospirillales;Acetobacteraceae;Falsiroseomonas
Gluconobacter,0,0,0,0,0,0,4,0,0,0,0,0,0,0,0,0,0,0,0,7,0,0,0,11,Bacteria,Bacteria_none,Proteobacteria,Alphaproteobacteria,Rhodospirillales,Acetobacteraceae,Bacteria;Bacteria_none;Proteobacteria;Alphaproteobacteria;Rhodospirillales;Acetobacteraceae;Gluconobacter
Rhodovastum,0,0,0,0,0,0,0,0,0,0,0,0,9,0,0,0,0,0,0,0,0,0,0,9,Bacteria,Bacteria_none,Proteobacteria,Alphaproteobacteria,Rhodospirillales,Acetobacteraceae,Bacteria;Bacteria_none;Proteobacteria;Alphaproteobacteria;Rhodospirillales;Acetobacteraceae;Rhodovastum
Roseomonas,0,0,0,0,0,152,15,4,0,0,0,3,0,0,0,0,0,0,0,0,0,0,0,174,Bacteria,Bacteria_none,Proteobacteria,Alphaproteobacteria,Rhodospirillales,Acetobacteraceae,Bacteria;Bacteria_none;Proteobacteria;Alphaproteobacteria;Rhodospirillales;Acetobacteraceae;Roseomonas
Nitrospirillum,0,0,0,0,0,0,0,0,0,0,0,0,0,0,0,0,0,0,7,0,0,0,0,7,Bacteria,Bacteria_none,Proteobacteria,Alphaproteobacteria,Rhodospirillales,Azospirillaceae,Bacteria;Bacteria_none;Proteobacteria;Alphaproteobacteria;Rhodospirillales;Azospirillaceae;Nitrospirillum
Skermanella,0,0,0,0,0,92,0,0,0,30,0,0,0,0,0,0,0,0,0,0,0,0,0,122,Bacteria,Bacteria_none,Proteobacteria,Alphaproteobacteria,Rhodospirillales,Azospirillaceae,Bacteria;Bacteria_none;Proteobacteria;Alphaproteobacteria;Rhodospirillales;Azospirillaceae;Skermanella
Geminicoccus,19,0,0,0,0,0,0,0,0,0,0,0,0,0,0,0,0,0,0,0,0,0,0,19,Bacteria,Bacteria_none,Proteobacteria,Alphaproteobacteria,Rhodospirillales,Geminicoccaceae,Bacteria;Bacteria_none;Proteobacteria;Alphaproteobacteria;Rhodospirillales;Geminicoccaceae;Geminicoccus
Dongia,0,4,0,1,0,0,0,0,0,0,0,0,0,0,0,0,0,0,0,0,0,0,0,5,Bacteria,Bacteria_none,Proteobacteria,Alphaproteobacteria,Rhodospirillales,Rhodospirillaceae,Bacteria;Bacteria_none;Proteobacteria;Alphaproteobacteria;Rhodospirillales;Rhodospirillaceae;Dongia
Anaplasma,0,0,0,21,33,0,6,0,0,0,100,0,192,0,0,638,0,0,0,1,93,905,10,1999,Bacteria,Bacteria_none,Proteobacteria,Alphaproteobacteria,Rickettsiales,Anaplasmataceae,Bacteria;Bacteria_none;Proteobacteria;Alphaproteobacteria;Rickettsiales;Anaplasmataceae;Anaplasma
Altererythrobacter,5,1,0,0,0,0,0,0,0,0,0,0,0,0,0,0,0,0,0,0,0,0,0,6,Bacteria,Bacteria_none,Proteobacteria,Alphaproteobacteria,Sphingomonadales,Erythrobacteraceae,Bacteria;Bacteria_none;Proteobacteria;Alphaproteobacteria;Sphingomonadales;Erythrobacteraceae;Altererythrobacter
Croceibacterium,0,0,0,0,0,0,26,0,0,0,0,0,0,0,0,0,0,0,0,0,0,0,0,26,Bacteria,Bacteria_none,Proteobacteria,Alphaproteobacteria,Sphingomonadales,Erythrobacteraceae,Bacteria;Bacteria_none;Proteobacteria;Alphaproteobacteria;Sphingomonadales;Erythrobacteraceae;Croceibacterium
Erythrobacter,7,0,0,0,0,0,0,0,0,0,0,0,0,0,0,0,0,0,0,0,0,0,0,7,Bacteria,Bacteria_none,Proteobacteria,Alphaproteobacteria,Sphingomonadales,Erythrobacteraceae,Bacteria;Bacteria_none;Proteobacteria;Alphaproteobacteria;Sphingomonadales;Erythrobacteraceae;Erythrobacter
Qipengyuania,34,11,0,0,0,0,0,0,0,0,0,0,0,0,0,0,0,0,0,0,0,0,0,45,Bacteria,Bacteria_none,Proteobacteria,Alphaproteobacteria,Sphingomonadales,Erythrobacteraceae,Bacteria;Bacteria_none;Proteobacteria;Alphaproteobacteria;Sphingomonadales;Erythrobacteraceae;Qipengyuania
Tsuneonella,34,10,0,0,0,0,22,0,0,0,0,0,0,0,0,0,0,0,0,0,0,0,0,66,Bacteria,Bacteria_none,Proteobacteria,Alphaproteobacteria,Sphingomonadales,Erythrobacteraceae,Bacteria;Bacteria_none;Proteobacteria;Alphaproteobacteria;Sphingomonadales;Erythrobacteraceae;Tsuneonella
Blastomonas,0,0,0,0,0,0,0,0,0,0,0,0,30,0,0,0,0,0,0,0,0,0,0,30,Bacteria,Bacteria_none,Proteobacteria,Alphaproteobacteria,Sphingomonadales,Sphingomonadaceae,Bacteria;Bacteria_none;Proteobacteria;Alphaproteobacteria;Sphingomonadales;Sphingomonadaceae;Blastomonas
Novosphingobium,3,32,0,0,0,71,0,0,0,0,0,0,0,0,0,0,0,0,0,0,0,0,0,106,Bacteria,Bacteria_none,Proteobacteria,Alphaproteobacteria,Sphingomonadales,Sphingomonadaceae,Bacteria;Bacteria_none;Proteobacteria;Alphaproteobacteria;Sphingomonadales;Sphingomonadaceae;Novosphingobium
Sphingobium,0,0,27,0,1,0,22,0,0,0,43,0,0,0,0,0,0,0,0,0,0,5,4,102,Bacteria,Bacteria_none,Proteobacteria,Alphaproteobacteria,Sphingomonadales,Sphingomonadaceae,Bacteria;Bacteria_none;Proteobacteria;Alphaproteobacteria;Sphingomonadales;Sphingomonadaceae;Sphingobium
Sphingomonas,464,73,48,135,1604,341,150,55,79,121,21,26,213,27,50,128,0,0,273,3,43,66,9,3929,Bacteria,Bacteria_none,Proteobacteria,Alphaproteobacteria,Sphingomonadales,Sphingomonadaceae,Bacteria;Bacteria_none;Proteobacteria;Alphaproteobacteria;Sphingomonadales;Sphingomonadaceae;Sphingomonas
Oligella,0,0,0,0,0,0,0,0,0,0,0,0,0,0,9,0,0,0,0,0,0,0,0,9,Bacteria,Bacteria_none,Proteobacteria,Betaproteobacteria,Burkholderiales,Alcaligenaceae,Bacteria;Bacteria_none;Proteobacteria;Betaproteobacteria;Burkholderiales;Alcaligenaceae;Oligella
Verticiella,0,0,0,0,0,42,0,0,0,0,0,0,0,0,0,0,0,0,0,0,0,0,0,42,Bacteria,Bacteria_none,Proteobacteria,Betaproteobacteria,Burkholderiales,Alcaligenaceae,Bacteria;Bacteria_none;Proteobacteria;Betaproteobacteria;Burkholderiales;Alcaligenaceae;Verticiella
Burkholderia,56,55,20,58,116,0,0,0,211,15,0,127,0,18,0,102,0,0,316,0,0,43,4,1141,Bacteria,Bacteria_none,Proteobacteria,Betaproteobacteria,Burkholderiales,Burkholderiaceae,Bacteria;Bacteria_none;Proteobacteria;Betaproteobacteria;Burkholderiales;Burkholderiaceae;Burkholderia
Caenibaculum,0,0,1,0,0,0,0,0,1,0,1,4,1,0,0,0,0,0,4,0,0,0,1,13,Bacteria,Bacteria_none,Proteobacteria,Betaproteobacteria,Burkholderiales,Burkholderiaceae,Bacteria;Bacteria_none;Proteobacteria;Betaproteobacteria;Burkholderiales;Burkholderiaceae;Caenibaculum
Cupriavidus,7,0,1,7,17,2,0,0,0,0,0,0,1,0,1,1,0,0,0,0,0,0,0,37,Bacteria,Bacteria_none,Proteobacteria,Betaproteobacteria,Burkholderiales,Burkholderiaceae,Bacteria;Bacteria_none;Proteobacteria;Betaproteobacteria;Burkholderiales;Burkholderiaceae;Cupriavidus
Lautropia,0,6,0,0,0,0,0,0,0,0,0,0,0,0,0,0,0,0,0,0,0,0,0,6,Bacteria,Bacteria_none,Proteobacteria,Betaproteobacteria,Burkholderiales,Burkholderiaceae,Bacteria;Bacteria_none;Proteobacteria;Betaproteobacteria;Burkholderiales;Burkholderiaceae;Lautropia
Paraburkholderia,2,1,0,1,2,1,0,0,0,2,0,0,2,0,0,1,0,0,0,0,0,0,2,14,Bacteria,Bacteria_none,Proteobacteria,Betaproteobacteria,Burkholderiales,Burkholderiaceae,Bacteria;Bacteria_none;Proteobacteria;Betaproteobacteria;Burkholderiales;Burkholderiaceae;Paraburkholderia
Ralstonia,1084,228,122,473,5864,1247,361,170,222,222,175,59,470,35,143,1550,0,0,1646,71,897,100,52,15191,Bacteria,Bacteria_none,Proteobacteria,Betaproteobacteria,Burkholderiales,Burkholderiaceae,Bacteria;Bacteria_none;Proteobacteria;Betaproteobacteria;Burkholderiales;Burkholderiaceae;Ralstonia
Aquabacterium,107,35,31,17,1061,46,87,34,77,96,0,3,229,0,138,67,0,0,0,0,0,10,4,2042,Bacteria,Bacteria_none,Proteobacteria,Betaproteobacteria,Burkholderiales,Burkholderiales_Incertae_sedis,Bacteria;Bacteria_none;Proteobacteria;Betaproteobacteria;Burkholderiales;Burkholderiales_Incertae_sedis;Aquabacterium
Aquariibacter,0,0,0,0,0,0,0,0,0,0,0,0,0,0,0,0,0,0,0,0,0,0,5,5,Bacteria,Bacteria_none,Proteobacteria,Betaproteobacteria,Burkholderiales,Burkholderiales_Incertae_sedis,Bacteria;Bacteria_none;Proteobacteria;Betaproteobacteria;Burkholderiales;Burkholderiales_Incertae_sedis;Aquariibacter
Leptothrix,0,0,0,0,1,0,0,0,0,0,0,0,0,0,0,1,0,0,0,0,0,0,0,2,Bacteria,Bacteria_none,Proteobacteria,Betaproteobacteria,Burkholderiales,Burkholderiales_Incertae_sedis,Bacteria;Bacteria_none;Proteobacteria;Betaproteobacteria;Burkholderiales;Burkholderiales_Incertae_sedis;Leptothrix
Pseudorivibacter,0,0,0,0,6,0,0,0,0,0,0,0,2,0,2,1,0,0,0,0,0,0,0,11,Bacteria,Bacteria_none,Proteobacteria,Betaproteobacteria,Burkholderiales,Burkholderiales_Incertae_sedis,Bacteria;Bacteria_none;Proteobacteria;Betaproteobacteria;Burkholderiales;Burkholderiales_Incertae_sedis;Pseudorivibacter
Acidovorax,0,53,5,59,123,2,9,0,29,54,9,25,0,7,0,1,0,0,116,5,7,11,0,515,Bacteria,Bacteria_none,Proteobacteria,Betaproteobacteria,Burkholderiales,Comamonadaceae,Bacteria;Bacteria_none;Proteobacteria;Betaproteobacteria;Burkholderiales;Comamonadaceae;Acidovorax
Caenimonas,0,0,0,2,0,1,0,0,0,0,0,0,0,0,0,0,0,0,0,0,0,0,0,3,Bacteria,Bacteria_none,Proteobacteria,Betaproteobacteria,Burkholderiales,Comamonadaceae,Bacteria;Bacteria_none;Proteobacteria;Betaproteobacteria;Burkholderiales;Comamonadaceae;Caenimonas
Comamonas,0,0,0,18,0,291,0,0,0,0,0,0,0,0,0,0,0,0,0,0,0,0,0,309,Bacteria,Bacteria_none,Proteobacteria,Betaproteobacteria,Burkholderiales,Comamonadaceae,Bacteria;Bacteria_none;Proteobacteria;Betaproteobacteria;Burkholderiales;Comamonadaceae;Comamonas
Curvibacter,85,1,21,297,85,296,50,56,0,0,12,7,0,0,0,13,0,0,0,0,0,23,0,946,Bacteria,Bacteria_none,Proteobacteria,Betaproteobacteria,Burkholderiales,Comamonadaceae,Bacteria;Bacteria_none;Proteobacteria;Betaproteobacteria;Burkholderiales;Comamonadaceae;Curvibacter
Diaphorobacter,0,0,0,1,124,0,0,0,0,0,0,0,0,0,0,0,0,0,0,0,0,0,0,125,Bacteria,Bacteria_none,Proteobacteria,Betaproteobacteria,Burkholderiales,Comamonadaceae,Bacteria;Bacteria_none;Proteobacteria;Betaproteobacteria;Burkholderiales;Comamonadaceae;Diaphorobacter
Hydrogenophaga,0,0,0,4,2,0,2,0,0,0,0,0,0,0,0,0,0,0,0,0,0,0,0,8,Bacteria,Bacteria_none,Proteobacteria,Betaproteobacteria,Burkholderiales,Comamonadaceae,Bacteria;Bacteria_none;Proteobacteria;Betaproteobacteria;Burkholderiales;Comamonadaceae;Hydrogenophaga
Limnohabitans,0,1,0,0,0,1,0,0,0,0,0,0,0,0,0,0,0,0,0,0,0,0,0,2,Bacteria,Bacteria_none,Proteobacteria,Betaproteobacteria,Burkholderiales,Comamonadaceae,Bacteria;Bacteria_none;Proteobacteria;Betaproteobacteria;Burkholderiales;Comamonadaceae;Limnohabitans
Pelomonas,0,0,0,0,123,68,26,0,0,0,0,0,7,4,0,176,0,0,59,5,7,12,0,487,Bacteria,Bacteria_none,Proteobacteria,Betaproteobacteria,Burkholderiales,Comamonadaceae,Bacteria;Bacteria_none;Proteobacteria;Betaproteobacteria;Burkholderiales;Comamonadaceae;Pelomonas
Polaromonas,1399,71,23,274,605,451,172,0,0,0,0,0,0,0,0,0,0,0,0,0,0,0,0,2995,Bacteria,Bacteria_none,Proteobacteria,Betaproteobacteria,Burkholderiales,Comamonadaceae,Bacteria;Bacteria_none;Proteobacteria;Betaproteobacteria;Burkholderiales;Comamonadaceae;Polaromonas
Pseudorhodoferax,0,0,0,0,2,0,0,0,0,0,0,0,0,0,0,0,0,0,1,0,0,0,0,3,Bacteria,Bacteria_none,Proteobacteria,Betaproteobacteria,Burkholderiales,Comamonadaceae,Bacteria;Bacteria_none;Proteobacteria;Betaproteobacteria;Burkholderiales;Comamonadaceae;Pseudorhodoferax
Ramlibacter,0,34,0,42,2,0,2,0,0,0,14,0,88,0,0,0,0,0,0,0,0,0,0,182,Bacteria,Bacteria_none,Proteobacteria,Betaproteobacteria,Burkholderiales,Comamonadaceae,Bacteria;Bacteria_none;Proteobacteria;Betaproteobacteria;Burkholderiales;Comamonadaceae;Ramlibacter
Rhodoferax,6,0,0,9,4,4,3,1,0,0,0,0,0,0,6,1,0,0,0,0,0,0,0,34,Bacteria,Bacteria_none,Proteobacteria,Betaproteobacteria,Burkholderiales,Comamonadaceae,Bacteria;Bacteria_none;Proteobacteria;Betaproteobacteria;Burkholderiales;Comamonadaceae;Rhodoferax
Tibeticola,0,0,0,0,2,0,0,0,0,3,1,0,0,0,0,0,0,0,1,0,0,0,0,7,Bacteria,Bacteria_none,Proteobacteria,Betaproteobacteria,Burkholderiales,Comamonadaceae,Bacteria;Bacteria_none;Proteobacteria;Betaproteobacteria;Burkholderiales;Comamonadaceae;Tibeticola
Variovorax,0,0,0,89,1,5,1,1,0,0,0,0,0,0,31,0,0,0,38,0,23,0,15,204,Bacteria,Bacteria_none,Proteobacteria,Betaproteobacteria,Burkholderiales,Comamonadaceae,Bacteria;Bacteria_none;Proteobacteria;Betaproteobacteria;Burkholderiales;Comamonadaceae;Variovorax
Massilia,0,49,0,0,0,0,0,0,0,0,0,0,0,0,0,0,0,0,0,0,0,0,0,49,Bacteria,Bacteria_none,Proteobacteria,Betaproteobacteria,Burkholderiales,Oxalobacteraceae,Bacteria;Bacteria_none;Proteobacteria;Betaproteobacteria;Burkholderiales;Oxalobacteraceae;Massilia
Noviherbaspirillum,32,0,0,0,0,0,0,0,0,0,0,1,0,0,0,0,0,0,0,0,0,0,0,33,Bacteria,Bacteria_none,Proteobacteria,Betaproteobacteria,Burkholderiales,Oxalobacteraceae,Bacteria;Bacteria_none;Proteobacteria;Betaproteobacteria;Burkholderiales;Oxalobacteraceae;Noviherbaspirillum
Azohydromonas,0,0,0,0,0,0,0,0,0,0,0,0,0,0,0,0,0,0,0,0,0,0,2,2,Bacteria,Bacteria_none,Proteobacteria,Betaproteobacteria,Burkholderiales,Sphaerotilaceae,Bacteria;Bacteria_none;Proteobacteria;Betaproteobacteria;Burkholderiales;Sphaerotilaceae;Azohydromonas
Ideonella,0,0,0,0,2,0,0,0,0,0,0,0,0,0,0,0,0,0,0,0,0,0,0,2,Bacteria,Bacteria_none,Proteobacteria,Betaproteobacteria,Burkholderiales,Sphaerotilaceae,Bacteria;Bacteria_none;Proteobacteria;Betaproteobacteria;Burkholderiales;Sphaerotilaceae;Ideonella
Methylibium,0,0,0,0,0,0,0,0,0,0,0,0,0,0,4,0,0,0,0,0,0,0,0,4,Bacteria,Bacteria_none,Proteobacteria,Betaproteobacteria,Burkholderiales,Sphaerotilaceae,Bacteria;Bacteria_none;Proteobacteria;Betaproteobacteria;Burkholderiales;Sphaerotilaceae;Methylibium
Mitsuaria,0,0,0,0,2,0,0,0,0,0,0,0,0,0,0,1,0,0,0,0,0,0,0,3,Bacteria,Bacteria_none,Proteobacteria,Betaproteobacteria,Burkholderiales,Sphaerotilaceae,Bacteria;Bacteria_none;Proteobacteria;Betaproteobacteria;Burkholderiales;Sphaerotilaceae;Mitsuaria
Schlegelella,1,0,1,0,15,0,0,0,0,0,0,0,3,0,2,2,0,0,0,0,0,0,0,24,Bacteria,Bacteria_none,Proteobacteria,Betaproteobacteria,Burkholderiales,Sphaerotilaceae,Bacteria;Bacteria_none;Proteobacteria;Betaproteobacteria;Burkholderiales;Sphaerotilaceae;Schlegelella
Sphaerotilus,0,0,0,0,0,0,0,0,0,0,0,0,0,0,0,47,0,0,0,0,0,0,0,47,Bacteria,Bacteria_none,Proteobacteria,Betaproteobacteria,Burkholderiales,Sphaerotilaceae,Bacteria;Bacteria_none;Proteobacteria;Betaproteobacteria;Burkholderiales;Sphaerotilaceae;Sphaerotilus
Zhizhongheella,0,0,0,0,3,0,0,0,0,0,0,0,2,0,0,0,0,0,0,0,0,0,0,5,Bacteria,Bacteria_none,Proteobacteria,Betaproteobacteria,Burkholderiales,Sphaerotilaceae,Bacteria;Bacteria_none;Proteobacteria;Betaproteobacteria;Burkholderiales;Sphaerotilaceae;Zhizhongheella
Prolinoborus,1,2,110,32,0,0,0,2,13,0,8,1,0,0,0,0,0,0,0,0,0,32,1,202,Bacteria,Bacteria_none,Proteobacteria,Betaproteobacteria,Neisseriales,Neisseriaceae,Bacteria;Bacteria_none;Proteobacteria;Betaproteobacteria;Neisseriales;Neisseriaceae;Prolinoborus
Methylotenera,131,45,0,35,0,29,13,48,0,15,0,0,0,0,0,0,0,0,0,0,0,0,0,316,Bacteria,Bacteria_none,Proteobacteria,Betaproteobacteria,Nitrosomonadales,Methylophilaceae,Bacteria;Bacteria_none;Proteobacteria;Betaproteobacteria;Nitrosomonadales;Methylophilaceae;Methylotenera
Viridibacterium,0,5,0,0,0,0,0,0,0,0,0,0,0,0,0,0,0,0,0,0,0,0,0,5,Bacteria,Bacteria_none,Proteobacteria,Betaproteobacteria,Rhodocyclales,Rhodocyclaceae,Bacteria;Bacteria_none;Proteobacteria;Betaproteobacteria;Rhodocyclales;Rhodocyclaceae;Viridibacterium
Zoogloea,0,22,0,30,0,149,13,0,0,0,0,0,0,0,0,0,0,0,0,0,3,0,0,217,Bacteria,Bacteria_none,Proteobacteria,Betaproteobacteria,Rhodocyclales,Zoogloeaceae,Bacteria;Bacteria_none;Proteobacteria;Betaproteobacteria;Rhodocyclales;Zoogloeaceae;Zoogloea
Simulacricoccus,0,15,0,0,0,0,0,0,0,0,0,0,0,0,0,0,0,0,0,0,0,0,0,15,Bacteria,Bacteria_none,Proteobacteria,Deltaproteobacteria,Myxococcales,Myxococcaceae,Bacteria;Bacteria_none;Proteobacteria;Deltaproteobacteria;Myxococcales;Myxococcaceae;Simulacricoccus
Byssovorax,0,9,0,0,0,0,0,0,0,0,0,0,0,0,0,0,0,0,0,0,0,0,0,9,Bacteria,Bacteria_none,Proteobacteria,Deltaproteobacteria,Myxococcales,Polyangiaceae,Bacteria;Bacteria_none;Proteobacteria;Deltaproteobacteria;Myxococcales;Polyangiaceae;Byssovorax
Chondromyces,0,0,302,0,0,0,0,0,0,0,0,0,0,0,0,0,0,0,0,0,0,0,0,302,Bacteria,Bacteria_none,Proteobacteria,Deltaproteobacteria,Myxococcales,Polyangiaceae,Bacteria;Bacteria_none;Proteobacteria;Deltaproteobacteria;Myxococcales;Polyangiaceae;Chondromyces
Aeromonas,0,23,0,0,0,0,11,0,0,0,0,0,0,0,0,0,0,0,122,0,0,0,0,156,Bacteria,Bacteria_none,Proteobacteria,Gammaproteobacteria,Aeromonadales,Aeromonadaceae,Bacteria;Bacteria_none;Proteobacteria;Gammaproteobacteria;Aeromonadales;Aeromonadaceae;Aeromonas
Alishewanella,0,0,0,7,0,0,0,0,0,0,0,0,0,0,0,0,0,0,0,0,0,0,0,7,Bacteria,Bacteria_none,Proteobacteria,Gammaproteobacteria,Alteromonadales,Alteromonadaceae,Bacteria;Bacteria_none;Proteobacteria;Gammaproteobacteria;Alteromonadales;Alteromonadaceae;Alishewanella
Shewanella,0,0,0,0,0,0,0,0,0,0,0,0,0,0,0,0,0,0,11,0,0,0,0,11,Bacteria,Bacteria_none,Proteobacteria,Gammaproteobacteria,Alteromonadales,Shewanellaceae,Bacteria;Bacteria_none;Proteobacteria;Gammaproteobacteria;Alteromonadales;Shewanellaceae;Shewanella
Atlantibacter,15,0,0,0,0,0,0,0,0,0,0,0,0,0,0,0,0,0,0,0,0,0,0,15,Bacteria,Bacteria_none,Proteobacteria,Gammaproteobacteria,Enterobacterales,Enterobacteriaceae,Bacteria;Bacteria_none;Proteobacteria;Gammaproteobacteria;Enterobacterales;Enterobacteriaceae;Atlantibacter
Citrobacter,0,0,0,0,0,0,64,0,0,0,0,0,0,0,0,0,0,0,0,0,0,0,0,64,Bacteria,Bacteria_none,Proteobacteria,Gammaproteobacteria,Enterobacterales,Enterobacteriaceae,Bacteria;Bacteria_none;Proteobacteria;Gammaproteobacteria;Enterobacterales;Enterobacteriaceae;Citrobacter
Enterobacter,0,0,0,0,0,0,7,0,0,0,18,0,0,0,0,0,0,0,0,0,0,0,0,25,Bacteria,Bacteria_none,Proteobacteria,Gammaproteobacteria,Enterobacterales,Enterobacteriaceae,Bacteria;Bacteria_none;Proteobacteria;Gammaproteobacteria;Enterobacterales;Enterobacteriaceae;Enterobacter
Escherichia,35,26,15,14,0,22,10,101,15,9,52,8,43,0,10,14,0,0,100,2,2,0,3,481,Bacteria,Bacteria_none,Proteobacteria,Gammaproteobacteria,Enterobacterales,Enterobacteriaceae,Bacteria;Bacteria_none;Proteobacteria;Gammaproteobacteria;Enterobacterales;Enterobacteriaceae;Escherichia
Klebsiella,5,0,0,0,0,0,47,0,0,0,0,0,0,0,0,0,0,0,0,0,0,0,0,52,Bacteria,Bacteria_none,Proteobacteria,Gammaproteobacteria,Enterobacterales,Enterobacteriaceae,Bacteria;Bacteria_none;Proteobacteria;Gammaproteobacteria;Enterobacterales;Enterobacteriaceae;Klebsiella
Kosakonia,17,0,0,0,0,0,7,0,0,0,0,0,0,0,0,0,0,0,0,0,0,0,0,24,Bacteria,Bacteria_none,Proteobacteria,Gammaproteobacteria,Enterobacterales,Enterobacteriaceae,Bacteria;Bacteria_none;Proteobacteria;Gammaproteobacteria;Enterobacterales;Enterobacteriaceae;Kosakonia
Phytobacter,0,0,0,0,0,0,34,0,0,0,0,0,0,0,0,0,0,0,0,0,0,0,0,34,Bacteria,Bacteria_none,Proteobacteria,Gammaproteobacteria,Enterobacterales,Enterobacteriaceae,Bacteria;Bacteria_none;Proteobacteria;Gammaproteobacteria;Enterobacterales;Enterobacteriaceae;Phytobacter
Pseudenterobacter,3,0,0,0,0,0,0,0,0,0,0,0,0,0,0,0,0,0,0,0,0,0,0,3,Bacteria,Bacteria_none,Proteobacteria,Gammaproteobacteria,Enterobacterales,Enterobacteriaceae,Bacteria;Bacteria_none;Proteobacteria;Gammaproteobacteria;Enterobacterales;Enterobacteriaceae;Pseudenterobacter
Salmonella,3,0,0,0,0,0,0,0,0,0,0,0,0,0,0,0,0,0,1,0,0,0,0,4,Bacteria,Bacteria_none,Proteobacteria,Gammaproteobacteria,Enterobacterales,Enterobacteriaceae,Bacteria;Bacteria_none;Proteobacteria;Gammaproteobacteria;Enterobacterales;Enterobacteriaceae;Salmonella
Shigella,70,26,19,0,0,15,17,103,40,23,33,10,11,0,5,19,0,0,55,0,5,0,0,451,Bacteria,Bacteria_none,Proteobacteria,Gammaproteobacteria,Enterobacterales,Enterobacteriaceae,Bacteria;Bacteria_none;Proteobacteria;Gammaproteobacteria;Enterobacterales;Enterobacteriaceae;Shigella
Yokenella,0,0,0,0,0,0,2,0,0,0,0,0,0,0,0,0,0,0,0,0,0,0,0,2,Bacteria,Bacteria_none,Proteobacteria,Gammaproteobacteria,Enterobacterales,Enterobacteriaceae,Bacteria;Bacteria_none;Proteobacteria;Gammaproteobacteria;Enterobacterales;Enterobacteriaceae;Yokenella
Erwinia,0,0,0,0,0,0,6,0,0,0,0,0,0,0,0,0,0,0,0,0,0,0,0,6,Bacteria,Bacteria_none,Proteobacteria,Gammaproteobacteria,Enterobacterales,Erwiniaceae,Bacteria;Bacteria_none;Proteobacteria;Gammaproteobacteria;Enterobacterales;Erwiniaceae;Erwinia
Pantoea,0,0,0,0,0,0,21,0,0,0,0,0,0,0,0,0,0,0,0,0,0,0,0,21,Bacteria,Bacteria_none,Proteobacteria,Gammaproteobacteria,Enterobacterales,Erwiniaceae,Bacteria;Bacteria_none;Proteobacteria;Gammaproteobacteria;Enterobacterales;Erwiniaceae;Pantoea
Thorsellia,0,0,0,0,0,0,0,0,0,0,0,0,0,0,0,0,0,0,0,6,0,0,0,6,Bacteria,Bacteria_none,Proteobacteria,Gammaproteobacteria,Enterobacterales,Thorselliaceae,Bacteria;Bacteria_none;Proteobacteria;Gammaproteobacteria;Enterobacterales;Thorselliaceae;Thorsellia
Acinetobacter,454,30,186,58,166,155,14,10,68,0,15,6555,4,4,22,71,0,0,334,26,12,73,15,8272,Bacteria,Bacteria_none,Proteobacteria,Gammaproteobacteria,Moraxellales,Moraxellaceae,Bacteria;Bacteria_none;Proteobacteria;Gammaproteobacteria;Moraxellales;Moraxellaceae;Acinetobacter
Alkanindiges,0,6,0,0,0,0,0,0,0,0,0,0,0,0,0,0,0,0,0,0,0,0,0,6,Bacteria,Bacteria_none,Proteobacteria,Gammaproteobacteria,Moraxellales,Moraxellaceae,Bacteria;Bacteria_none;Proteobacteria;Gammaproteobacteria;Moraxellales;Moraxellaceae;Alkanindiges
Steroidobacter,0,0,0,0,0,0,3,0,0,0,0,2,0,0,0,0,0,0,0,0,0,0,0,5,Bacteria,Bacteria_none,Proteobacteria,Gammaproteobacteria,Nevskiales,Steroidobacteraceae,Bacteria;Bacteria_none;Proteobacteria;Gammaproteobacteria;Nevskiales;Steroidobacteraceae;Steroidobacter
Alcanivorax,0,0,0,0,0,0,0,0,0,0,0,0,15,0,0,0,0,0,0,0,2,0,0,17,Bacteria,Bacteria_none,Proteobacteria,Gammaproteobacteria,Oceanospirillales,Alcanivoracaceae,Bacteria;Bacteria_none;Proteobacteria;Gammaproteobacteria;Oceanospirillales;Alcanivoracaceae;Alcanivorax
Halomonas,0,9,0,5,0,46,27,0,0,0,0,0,35,0,3,0,0,0,0,0,0,0,0,125,Bacteria,Bacteria_none,Proteobacteria,Gammaproteobacteria,Oceanospirillales,Halomonadaceae,Bacteria;Bacteria_none;Proteobacteria;Gammaproteobacteria;Oceanospirillales;Halomonadaceae;Halomonas
Halotalea,0,0,0,0,0,0,0,0,0,0,0,3,0,0,0,0,0,0,0,0,0,0,0,3,Bacteria,Bacteria_none,Proteobacteria,Gammaproteobacteria,Oceanospirillales,Halomonadaceae,Bacteria;Bacteria_none;Proteobacteria;Gammaproteobacteria;Oceanospirillales;Halomonadaceae;Halotalea
Zymobacter,1,0,0,0,0,0,0,0,23,656,0,45930,26,3,0,12,0,0,0,122183,55,65,0,168954,Bacteria,Bacteria_none,Proteobacteria,Gammaproteobacteria,Oceanospirillales,Halomonadaceae,Bacteria;Bacteria_none;Proteobacteria;Gammaproteobacteria;Oceanospirillales;Halomonadaceae;Zymobacter
Mannheimia,0,0,0,0,0,0,0,0,0,0,0,0,0,0,2,0,0,0,0,0,0,0,0,2,Bacteria,Bacteria_none,Proteobacteria,Gammaproteobacteria,Pasteurellales,Pasteurellaceae,Bacteria;Bacteria_none;Proteobacteria;Gammaproteobacteria;Pasteurellales;Pasteurellaceae;Mannheimia
Azomonas,17,0,0,0,0,0,0,0,0,0,0,0,0,0,0,0,0,0,0,0,0,0,0,17,Bacteria,Bacteria_none,Proteobacteria,Gammaproteobacteria,Pseudomonadales,Pseudomonadaceae,Bacteria;Bacteria_none;Proteobacteria;Gammaproteobacteria;Pseudomonadales;Pseudomonadaceae;Azomonas
Pseudomonas,845,1641,63,319,1869,1504,231,261,14,97,54,31,85,37,24,28,0,0,86,2,13,65,30,7299,Bacteria,Bacteria_none,Proteobacteria,Gammaproteobacteria,Pseudomonadales,Pseudomonadaceae,Bacteria;Bacteria_none;Proteobacteria;Gammaproteobacteria;Pseudomonadales;Pseudomonadaceae;Pseudomonas
Stutzerimonas,47,0,2,4,24,0,0,0,0,19,0,18,21,0,0,211,0,0,36,8,0,14,0,404,Bacteria,Bacteria_none,Proteobacteria,Gammaproteobacteria,Pseudomonadales,Pseudomonadaceae,Bacteria;Bacteria_none;Proteobacteria;Gammaproteobacteria;Pseudomonadales;Pseudomonadaceae;Stutzerimonas
Luteimonas,14,19,0,0,0,0,1,0,0,0,0,0,0,0,0,0,0,0,0,0,0,0,0,34,Bacteria,Bacteria_none,Proteobacteria,Gammaproteobacteria,Xanthomonadales,Xanthomonadaceae,Bacteria;Bacteria_none;Proteobacteria;Gammaproteobacteria;Xanthomonadales;Xanthomonadaceae;Luteimonas
Lysobacter,0,3,0,0,0,0,1,0,0,0,0,0,0,0,0,0,0,0,0,0,0,0,4,8,Bacteria,Bacteria_none,Proteobacteria,Gammaproteobacteria,Xanthomonadales,Xanthomonadaceae,Bacteria;Bacteria_none;Proteobacteria;Gammaproteobacteria;Xanthomonadales;Xanthomonadaceae;Lysobacter
Pseudoxanthomonas,0,22,0,0,1,0,0,0,0,0,0,0,0,0,0,0,0,0,0,0,0,33,0,56,Bacteria,Bacteria_none,Proteobacteria,Gammaproteobacteria,Xanthomonadales,Xanthomonadaceae,Bacteria;Bacteria_none;Proteobacteria;Gammaproteobacteria;Xanthomonadales;Xanthomonadaceae;Pseudoxanthomonas
Stenotrophomonas,59,58,32,141,451,725,1022,41,0,0,0,6,0,0,0,0,0,0,0,0,0,0,0,2535,Bacteria,Bacteria_none,Proteobacteria,Gammaproteobacteria,Xanthomonadales,Xanthomonadaceae,Bacteria;Bacteria_none;Proteobacteria;Gammaproteobacteria;Xanthomonadales;Xanthomonadaceae;Stenotrophomonas
Thermomonas,0,0,0,0,0,0,18,0,0,0,0,0,0,0,0,0,0,0,0,0,0,0,0,18,Bacteria,Bacteria_none,Proteobacteria,Gammaproteobacteria,Xanthomonadales,Xanthomonadaceae,Bacteria;Bacteria_none;Proteobacteria;Gammaproteobacteria;Xanthomonadales;Xanthomonadaceae;Thermomonas
Xanthomonas,0,0,18,0,238,0,0,0,0,0,0,0,0,0,0,0,0,0,34,0,0,0,0,290,Bacteria,Bacteria_none,Proteobacteria,Gammaproteobacteria,Xanthomonadales,Xanthomonadaceae,Bacteria;Bacteria_none;Proteobacteria;Gammaproteobacteria;Xanthomonadales;Xanthomonadaceae;Xanthomonas
Ereboglobus,0,5,0,0,0,0,0,0,0,0,0,0,0,0,0,0,0,0,0,0,0,0,0,5,Bacteria,Bacteria_none,Verrucomicrobia,Opitutae,Opitutales,Opitutaceae,Bacteria;Bacteria_none;Verrucomicrobia;Opitutae;Opitutales;Opitutaceae;Ereboglobus
Opitutus,0,0,0,3,0,0,0,0,0,0,0,0,0,0,0,0,0,0,0,0,0,0,0,3,Bacteria,Bacteria_none,Verrucomicrobia,Opitutae,Opitutales,Opitutaceae,Bacteria;Bacteria_none;Verrucomicrobia;Opitutae;Opitutales;Opitutaceae;Opitutus
Unknown,2568,6658,745,2022,5041,2941,1112,701,712,662,598,14447,2377,1258,714,2937,6,11,1885,5477,566,979,198,54615,Unclassified,Unknown,Unknown,Unknown,Unknown,Unknown,Unclassified;Unknown;Unknown;Unknown;Unknown;Unknown;Unknown