genus,1062-MG,1082-MG,1202-MG,1313-MG,481-MG,482-MG,581-MG,640-MG,644A-MG,713-MG,726-MG,728-MG,729-MG,730-MG,731-MG,734-MG,741-MG,769-MG,778-MG,781-MG,809-MG,816-MG,817-MG,936-MG,total,superkingdom,kingdom,phylum,class,order,family,tax
Aquihabitans,0,2,0,0,0,0,0,0,0,0,0,0,0,0,0,0,0,0,0,0,0,0,0,0,2,Bacteria,Bacteria_none,Actinobacteria,Acidimicrobiia,Acidimicrobiales,Iamiaceae,Bacteria;Bacteria_none;Actinobacteria;Acidimicrobiia;Acidimicrobiales;Iamiaceae;Aquihabitans
Ilumatobacter,0,0,2,0,0,0,0,0,0,0,0,0,0,0,0,0,0,0,0,0,0,0,0,0,2,Bacteria,Bacteria_none,Actinobacteria,Acidimicrobiia,Acidimicrobiales,Ilumatobacteraceae,Bacteria;Bacteria_none;Actinobacteria;Acidimicrobiia;Acidimicrobiales;Ilumatobacteraceae;Ilumatobacter
Bounagaea,0,0,0,0,0,23,0,0,0,0,0,0,0,0,0,0,0,0,0,0,0,0,0,0,23,Bacteria,Bacteria_none,Actinobacteria,Actinomycetia,Actinomycetia_Incertae_sedis,Actinomycetia_Incertae_sedis_Incertae_sedis,Bacteria;Bacteria_none;Actinobacteria;Actinomycetia;Actinomycetia_Incertae_sedis;Actinomycetia_Incertae_sedis_Incertae_sedis;Bounagaea
Corynebacterium,0,11,0,0,0,0,7,0,0,0,0,107,0,0,0,89,0,42,0,149,0,40,100,0,545,Bacteria,Bacteria_none,Actinobacteria,Actinomycetia,Corynebacteriales,Corynebacteriaceae,Bacteria;Bacteria_none;Actinobacteria;Actinomycetia;Corynebacteriales;Corynebacteriaceae;Corynebacterium
Dietzia,0,0,0,0,0,0,0,4,0,0,0,0,0,0,0,31,8,0,0,21,7,0,93,0,164,Bacteria,Bacteria_none,Actinobacteria,Actinomycetia,Corynebacteriales,Dietziaceae,Bacteria;Bacteria_none;Actinobacteria;Actinomycetia;Corynebacteriales;Dietziaceae;Dietzia
Mycolicibacterium,15,0,0,0,0,0,0,0,0,0,0,0,0,0,0,0,0,0,0,0,0,0,0,0,15,Bacteria,Bacteria_none,Actinobacteria,Actinomycetia,Corynebacteriales,Mycobacteriaceae,Bacteria;Bacteria_none;Actinobacteria;Actinomycetia;Corynebacteriales;Mycobacteriaceae;Mycolicibacterium
Rhodococcus,21,0,0,0,0,0,0,0,0,0,1,0,11,16,0,0,0,0,0,21,0,0,201,0,271,Bacteria,Bacteria_none,Actinobacteria,Actinomycetia,Corynebacteriales,Nocardiaceae,Bacteria;Bacteria_none;Actinobacteria;Actinomycetia;Corynebacteriales;Nocardiaceae;Rhodococcus
Smaragdicoccus,0,0,0,0,0,0,0,0,0,0,0,10,0,0,0,0,0,0,0,0,0,0,0,0,10,Bacteria,Bacteria_none,Actinobacteria,Actinomycetia,Corynebacteriales,Nocardiaceae,Bacteria;Bacteria_none;Actinobacteria;Actinomycetia;Corynebacteriales;Nocardiaceae;Smaragdicoccus
Cryptosporangium,0,0,2,0,0,0,0,0,0,0,0,0,0,0,0,0,0,0,0,0,0,0,0,0,2,Bacteria,Bacteria_none,Actinobacteria,Actinomycetia,Cryptosporangiales,Cryptosporangiaceae,Bacteria;Bacteria_none;Actinobacteria;Actinomycetia;Cryptosporangiales;Cryptosporangiaceae;Cryptosporangium
Blastococcus,0,0,0,0,0,0,0,0,0,0,0,16,0,0,0,0,0,6,0,0,0,0,0,0,22,Bacteria,Bacteria_none,Actinobacteria,Actinomycetia,Geodermatophilales,Geodermatophilaceae,Bacteria;Bacteria_none;Actinobacteria;Actinomycetia;Geodermatophilales;Geodermatophilaceae;Blastococcus
Quadrisphaera,0,6,0,0,0,0,0,0,0,0,0,0,0,0,0,0,0,0,0,0,0,0,0,0,6,Bacteria,Bacteria_none,Actinobacteria,Actinomycetia,Kineosporiales,Kineosporiaceae,Bacteria;Bacteria_none;Actinobacteria;Actinomycetia;Kineosporiales;Kineosporiaceae;Quadrisphaera
Georgenia,0,0,0,0,0,0,0,0,0,0,0,0,0,0,0,0,0,11,0,0,0,0,62,0,73,Bacteria,Bacteria_none,Actinobacteria,Actinomycetia,Micrococcales,Bogoriellaceae,Bacteria;Bacteria_none;Actinobacteria;Actinomycetia;Micrococcales;Bogoriellaceae;Georgenia
Actinotalea,0,0,0,0,0,0,0,0,0,0,0,0,0,0,0,0,6,0,0,2,0,0,0,0,8,Bacteria,Bacteria_none,Actinobacteria,Actinomycetia,Micrococcales,Cellulomonadaceae,Bacteria;Bacteria_none;Actinobacteria;Actinomycetia;Micrococcales;Cellulomonadaceae;Actinotalea
Cellulomonas,0,0,0,0,0,0,0,0,0,0,0,0,0,0,0,0,0,0,0,17,0,0,0,0,17,Bacteria,Bacteria_none,Actinobacteria,Actinomycetia,Micrococcales,Cellulomonadaceae,Bacteria;Bacteria_none;Actinobacteria;Actinomycetia;Micrococcales;Cellulomonadaceae;Cellulomonas
Brachybacterium,0,0,0,0,0,0,0,0,0,0,0,0,0,0,0,0,0,28,0,41,0,0,125,0,194,Bacteria,Bacteria_none,Actinobacteria,Actinomycetia,Micrococcales,Dermabacteraceae,Bacteria;Bacteria_none;Actinobacteria;Actinomycetia;Micrococcales;Dermabacteraceae;Brachybacterium
Intrasporangium,0,0,0,0,0,0,0,5,0,0,0,0,0,0,0,0,0,0,0,0,0,0,0,0,5,Bacteria,Bacteria_none,Actinobacteria,Actinomycetia,Micrococcales,Intrasporangiaceae,Bacteria;Bacteria_none;Actinobacteria;Actinomycetia;Micrococcales;Intrasporangiaceae;Intrasporangium
Janibacter,0,0,0,0,0,0,0,0,0,0,0,0,0,4,0,2,0,0,0,0,0,0,107,0,113,Bacteria,Bacteria_none,Actinobacteria,Actinomycetia,Micrococcales,Intrasporangiaceae,Bacteria;Bacteria_none;Actinobacteria;Actinomycetia;Micrococcales;Intrasporangiaceae;Janibacter
Knoellia,0,0,0,0,0,0,0,0,0,0,0,0,0,0,0,0,0,0,0,0,0,20,27,0,47,Bacteria,Bacteria_none,Actinobacteria,Actinomycetia,Micrococcales,Intrasporangiaceae,Bacteria;Bacteria_none;Actinobacteria;Actinomycetia;Micrococcales;Intrasporangiaceae;Knoellia
Ornithinicoccus,0,0,0,0,0,0,0,0,0,0,0,0,5,0,0,0,0,0,0,0,0,0,0,0,5,Bacteria,Bacteria_none,Actinobacteria,Actinomycetia,Micrococcales,Intrasporangiaceae,Bacteria;Bacteria_none;Actinobacteria;Actinomycetia;Micrococcales;Intrasporangiaceae;Ornithinicoccus
Kytococcus,0,0,0,0,0,0,0,0,0,0,0,13,0,0,0,0,0,0,0,0,0,0,0,0,13,Bacteria,Bacteria_none,Actinobacteria,Actinomycetia,Micrococcales,Kytococcaceae,Bacteria;Bacteria_none;Actinobacteria;Actinomycetia;Micrococcales;Kytococcaceae;Kytococcus
Leucobacter,0,0,0,0,0,0,0,2,0,0,0,0,0,0,0,0,0,0,0,0,0,0,0,0,2,Bacteria,Bacteria_none,Actinobacteria,Actinomycetia,Micrococcales,Microbacteriaceae,Bacteria;Bacteria_none;Actinobacteria;Actinomycetia;Micrococcales;Microbacteriaceae;Leucobacter
Microbacterium,0,0,0,0,0,0,0,16,0,0,0,0,0,0,0,0,15,0,0,39,0,0,3,0,73,Bacteria,Bacteria_none,Actinobacteria,Actinomycetia,Micrococcales,Microbacteriaceae,Bacteria;Bacteria_none;Actinobacteria;Actinomycetia;Micrococcales;Microbacteriaceae;Microbacterium
Pseudolysinimonas,0,0,0,0,0,0,0,0,0,0,0,0,0,0,0,0,0,0,0,22,0,0,0,0,22,Bacteria,Bacteria_none,Actinobacteria,Actinomycetia,Micrococcales,Microbacteriaceae,Bacteria;Bacteria_none;Actinobacteria;Actinomycetia;Micrococcales;Microbacteriaceae;Pseudolysinimonas
Citricoccus,0,0,0,0,0,1,0,0,0,0,0,0,0,0,0,136,0,0,0,0,0,0,0,0,137,Bacteria,Bacteria_none,Actinobacteria,Actinomycetia,Micrococcales,Micrococcaceae,Bacteria;Bacteria_none;Actinobacteria;Actinomycetia;Micrococcales;Micrococcaceae;Citricoccus
Enteractinococcus,0,0,0,0,0,0,3,0,0,0,0,38,0,0,0,12,0,0,0,26,0,0,41,0,120,Bacteria,Bacteria_none,Actinobacteria,Actinomycetia,Micrococcales,Micrococcaceae,Bacteria;Bacteria_none;Actinobacteria;Actinomycetia;Micrococcales;Micrococcaceae;Enteractinococcus
Garicola,0,0,0,0,0,0,0,0,0,0,0,0,0,0,0,1,1,0,0,0,0,0,3,0,5,Bacteria,Bacteria_none,Actinobacteria,Actinomycetia,Micrococcales,Micrococcaceae,Bacteria;Bacteria_none;Actinobacteria;Actinomycetia;Micrococcales;Micrococcaceae;Garicola
Kocuria,0,0,0,0,0,0,0,0,0,0,0,0,0,4,0,0,0,5,0,0,0,0,0,0,9,Bacteria,Bacteria_none,Actinobacteria,Actinomycetia,Micrococcales,Micrococcaceae,Bacteria;Bacteria_none;Actinobacteria;Actinomycetia;Micrococcales;Micrococcaceae;Kocuria
Micrococcus,0,12,0,0,0,0,0,0,8,0,0,0,0,37,0,70,0,25,0,13,0,18,0,0,183,Bacteria,Bacteria_none,Actinobacteria,Actinomycetia,Micrococcales,Micrococcaceae,Bacteria;Bacteria_none;Actinobacteria;Actinomycetia;Micrococcales;Micrococcaceae;Micrococcus
Nesterenkonia,0,0,0,0,0,0,0,0,0,0,0,0,8,0,0,44,12,0,0,36,0,0,23,0,123,Bacteria,Bacteria_none,Actinobacteria,Actinomycetia,Micrococcales,Micrococcaceae,Bacteria;Bacteria_none;Actinobacteria;Actinomycetia;Micrococcales;Micrococcaceae;Nesterenkonia
Yaniella,0,0,0,0,0,0,0,0,0,0,0,5,0,12,0,0,0,0,0,24,0,0,0,0,41,Bacteria,Bacteria_none,Actinobacteria,Actinomycetia,Micrococcales,Micrococcaceae,Bacteria;Bacteria_none;Actinobacteria;Actinomycetia;Micrococcales;Micrococcaceae;Yaniella
Ornithinimicrobium,0,0,0,0,0,0,0,13,0,0,0,13,0,0,0,102,24,0,0,0,0,12,21,0,185,Bacteria,Bacteria_none,Actinobacteria,Actinomycetia,Micrococcales,Ornithinimicrobiaceae,Bacteria;Bacteria_none;Actinobacteria;Actinomycetia;Micrococcales;Ornithinimicrobiaceae;Ornithinimicrobium
Cellulosimicrobium,0,0,0,0,0,0,0,0,0,0,0,11,0,0,0,0,0,0,0,15,0,0,0,0,26,Bacteria,Bacteria_none,Actinobacteria,Actinomycetia,Micrococcales,Promicromonosporaceae,Bacteria;Bacteria_none;Actinobacteria;Actinomycetia;Micrococcales;Promicromonosporaceae;Cellulosimicrobium
Marmoricola,0,0,0,0,0,0,0,0,0,0,0,0,0,0,0,0,0,0,0,4,0,6,0,0,10,Bacteria,Bacteria_none,Actinobacteria,Actinomycetia,Propionibacteriales,Nocardioidaceae,Bacteria;Bacteria_none;Actinobacteria;Actinomycetia;Propionibacteriales;Nocardioidaceae;Marmoricola
Nocardioides,0,20,6,0,0,0,0,0,3,5,0,8,0,0,0,91,1,0,0,6,70,0,20,18,248,Bacteria,Bacteria_none,Actinobacteria,Actinomycetia,Propionibacteriales,Nocardioidaceae,Bacteria;Bacteria_none;Actinobacteria;Actinomycetia;Propionibacteriales;Nocardioidaceae;Nocardioides
Cutibacterium,22,22,0,0,0,83,0,18,81,125,3,21,46,2,0,0,67,47,0,39,135,109,21,200,1041,Bacteria,Bacteria_none,Actinobacteria,Actinomycetia,Propionibacteriales,Propionibacteriaceae,Bacteria;Bacteria_none;Actinobacteria;Actinomycetia;Propionibacteriales;Propionibacteriaceae;Cutibacterium
Microlunatus,0,0,0,0,0,0,0,0,0,0,0,0,0,0,0,42,0,0,0,0,0,0,0,0,42,Bacteria,Bacteria_none,Actinobacteria,Actinomycetia,Propionibacteriales,Propionibacteriaceae,Bacteria;Bacteria_none;Actinobacteria;Actinomycetia;Propionibacteriales;Propionibacteriaceae;Microlunatus
Propioniciclava,0,0,0,0,0,0,0,0,13,0,0,0,0,0,0,0,0,0,0,0,0,0,0,0,13,Bacteria,Bacteria_none,Actinobacteria,Actinomycetia,Propionibacteriales,Propionibacteriaceae,Bacteria;Bacteria_none;Actinobacteria;Actinomycetia;Propionibacteriales;Propionibacteriaceae;Propioniciclava
Tessaracoccus,0,0,0,0,0,0,0,0,0,0,0,11,0,0,0,0,5,0,0,0,0,0,0,0,16,Bacteria,Bacteria_none,Actinobacteria,Actinomycetia,Propionibacteriales,Propionibacteriaceae,Bacteria;Bacteria_none;Actinobacteria;Actinomycetia;Propionibacteriales;Propionibacteriaceae;Tessaracoccus
Actinomycetospora,0,0,0,0,0,0,0,0,0,0,0,0,7,0,0,20,0,0,0,0,0,6,0,0,33,Bacteria,Bacteria_none,Actinobacteria,Actinomycetia,Pseudonocardiales,Pseudonocardiaceae,Bacteria;Bacteria_none;Actinobacteria;Actinomycetia;Pseudonocardiales;Pseudonocardiaceae;Actinomycetospora
Pseudonocardia,0,0,3,0,0,0,0,0,0,0,0,0,0,0,0,0,0,0,0,0,0,0,0,0,3,Bacteria,Bacteria_none,Actinobacteria,Actinomycetia,Pseudonocardiales,Pseudonocardiaceae,Bacteria;Bacteria_none;Actinobacteria;Actinomycetia;Pseudonocardiales;Pseudonocardiaceae;Pseudonocardia
Streptomyces,0,0,0,0,0,0,0,0,0,0,0,0,0,11,0,0,0,0,0,0,0,0,0,0,11,Bacteria,Bacteria_none,Actinobacteria,Actinomycetia,Streptomycetales,Streptomycetaceae,Bacteria;Bacteria_none;Actinobacteria;Actinomycetia;Streptomycetales;Streptomycetaceae;Streptomyces
Actinomadura,0,0,0,0,0,0,0,0,0,0,0,0,0,0,0,4,0,0,0,0,0,0,0,0,4,Bacteria,Bacteria_none,Actinobacteria,Actinomycetia,Streptosporangiales,Thermomonosporaceae,Bacteria;Bacteria_none;Actinobacteria;Actinomycetia;Streptosporangiales;Thermomonosporaceae;Actinomadura
Thermophilibacter,0,0,0,0,0,0,0,0,0,0,0,0,0,6,0,0,0,0,0,0,0,0,0,0,6,Bacteria,Bacteria_none,Actinobacteria,Coriobacteriia,Coriobacteriales,Atopobiaceae,Bacteria;Bacteria_none;Actinobacteria;Coriobacteriia;Coriobacteriales;Atopobiaceae;Thermophilibacter
Nitriliruptor,0,0,0,0,0,0,0,0,0,0,0,0,0,0,0,0,0,0,0,0,0,0,11,0,11,Bacteria,Bacteria_none,Actinobacteria,Nitriliruptoria,Nitriliruptorales,Nitriliruptoraceae,Bacteria;Bacteria_none;Actinobacteria;Nitriliruptoria;Nitriliruptorales;Nitriliruptoraceae;Nitriliruptor
Prevotella,0,0,0,0,0,0,0,0,0,0,0,0,0,2,0,0,1,0,0,0,0,0,0,0,3,Bacteria,Bacteria_none,Bacteroidota,Bacteroidia,Bacteroidales,Prevotellaceae,Bacteria;Bacteria_none;Bacteroidota;Bacteroidia;Bacteroidales;Prevotellaceae;Prevotella
Cnuella,0,0,0,0,0,0,0,0,2,0,0,0,0,0,0,0,0,0,0,0,0,0,0,0,2,Bacteria,Bacteria_none,Bacteroidota,Chitinophagia,Chitinophagales,Chitinophagaceae,Bacteria;Bacteria_none;Bacteroidota;Chitinophagia;Chitinophagales;Chitinophagaceae;Cnuella
Ferruginibacter,0,0,0,0,0,0,0,84,0,0,0,0,0,0,0,0,0,0,0,0,0,0,0,0,84,Bacteria,Bacteria_none,Bacteroidota,Chitinophagia,Chitinophagales,Chitinophagaceae,Bacteria;Bacteria_none;Bacteroidota;Chitinophagia;Chitinophagales;Chitinophagaceae;Ferruginibacter
Sediminibacterium,0,0,0,0,0,0,0,0,0,0,0,0,0,0,0,0,0,0,0,0,0,0,0,19,19,Bacteria,Bacteria_none,Bacteroidota,Chitinophagia,Chitinophagales,Chitinophagaceae,Bacteria;Bacteria_none;Bacteroidota;Chitinophagia;Chitinophagales;Chitinophagaceae;Sediminibacterium
Terrimonas,0,0,2,0,0,0,0,0,0,0,0,0,0,0,0,0,0,0,0,0,0,0,0,0,2,Bacteria,Bacteria_none,Bacteroidota,Chitinophagia,Chitinophagales,Chitinophagaceae,Bacteria;Bacteria_none;Bacteroidota;Chitinophagia;Chitinophagales;Chitinophagaceae;Terrimonas
Spirosoma,0,0,0,0,0,0,0,0,0,0,0,0,0,0,0,213,43,62,0,0,0,0,0,52,370,Bacteria,Bacteria_none,Bacteroidota,Cytophagia,Cytophagales,Cytophagaceae,Bacteria;Bacteria_none;Bacteroidota;Cytophagia;Cytophagales;Cytophagaceae;Spirosoma
Hymenobacter,27,27,113,0,0,495,3,43,179,0,2,33,537,206,0,726,60,0,0,0,1200,207,1626,299,5783,Bacteria,Bacteria_none,Bacteroidota,Cytophagia,Cytophagales,Hymenobacteraceae,Bacteria;Bacteria_none;Bacteroidota;Cytophagia;Cytophagales;Hymenobacteraceae;Hymenobacter
Pontibacter,0,0,0,0,0,0,0,4,0,0,0,0,0,0,0,0,0,0,0,12,0,0,29,0,45,Bacteria,Bacteria_none,Bacteroidota,Cytophagia,Cytophagales,Hymenobacteraceae,Bacteria;Bacteria_none;Bacteroidota;Cytophagia;Cytophagales;Hymenobacteraceae;Pontibacter
Flavobacterium,3065,913,23,0,0,0,0,0,0,0,0,0,20,0,0,0,26,0,0,0,0,0,1,14,4062,Bacteria,Bacteria_none,Bacteroidota,Flavobacteriia,Flavobacteriales,Flavobacteriaceae,Bacteria;Bacteria_none;Bacteroidota;Flavobacteriia;Flavobacteriales;Flavobacteriaceae;Flavobacterium
Salinimicrobium,0,0,0,0,0,0,0,0,0,0,0,0,0,0,0,0,0,0,0,0,0,0,106,0,106,Bacteria,Bacteria_none,Bacteroidota,Flavobacteriia,Flavobacteriales,Flavobacteriaceae,Bacteria;Bacteria_none;Bacteroidota;Flavobacteriia;Flavobacteriales;Flavobacteriaceae;Salinimicrobium
Apibacter,0,0,0,0,0,0,0,0,0,0,0,0,0,0,0,0,0,0,0,0,0,0,23,0,23,Bacteria,Bacteria_none,Bacteroidota,Flavobacteriia,Flavobacteriales,Weeksellaceae,Bacteria;Bacteria_none;Bacteroidota;Flavobacteriia;Flavobacteriales;Weeksellaceae;Apibacter
Cloacibacterium,0,0,0,0,0,0,0,0,0,0,0,5,0,0,0,8,0,0,0,0,0,0,0,0,13,Bacteria,Bacteria_none,Bacteroidota,Flavobacteriia,Flavobacteriales,Weeksellaceae,Bacteria;Bacteria_none;Bacteroidota;Flavobacteriia;Flavobacteriales;Weeksellaceae;Cloacibacterium
Empedobacter,0,0,0,0,0,0,0,0,0,0,0,0,36,0,0,0,0,0,0,0,0,0,0,0,36,Bacteria,Bacteria_none,Bacteroidota,Flavobacteriia,Flavobacteriales,Weeksellaceae,Bacteria;Bacteria_none;Bacteroidota;Flavobacteriia;Flavobacteriales;Weeksellaceae;Empedobacter
Epilithonimonas,0,0,8,0,0,0,0,0,0,0,0,0,0,0,0,0,0,0,0,0,0,0,0,0,8,Bacteria,Bacteria_none,Bacteroidota,Flavobacteriia,Flavobacteriales,Weeksellaceae,Bacteria;Bacteria_none;Bacteroidota;Flavobacteriia;Flavobacteriales;Weeksellaceae;Epilithonimonas
Parapedobacter,0,0,0,0,0,0,0,0,0,0,0,0,0,0,0,0,0,0,0,169,0,0,0,0,169,Bacteria,Bacteria_none,Bacteroidota,Sphingobacteriia,Sphingobacteriales,Sphingobacteriaceae,Bacteria;Bacteria_none;Bacteroidota;Sphingobacteriia;Sphingobacteriales;Sphingobacteriaceae;Parapedobacter
Pedobacter,0,0,0,0,0,0,0,0,0,0,0,0,0,18,0,0,0,0,0,0,0,0,0,0,18,Bacteria,Bacteria_none,Bacteroidota,Sphingobacteriia,Sphingobacteriales,Sphingobacteriaceae,Bacteria;Bacteria_none;Bacteroidota;Sphingobacteriia;Sphingobacteriales;Sphingobacteriaceae;Pedobacter
Komarekiella,0,0,0,0,0,0,0,0,0,0,0,0,0,0,0,0,15,0,0,0,0,0,0,0,15,Bacteria,Bacteria_none,Cyanobacteria,Cyanobacteria_Incertae_sedis,Nostocales,Nostocaceae,Bacteria;Bacteria_none;Cyanobacteria;Cyanobacteria_Incertae_sedis;Nostocales;Nostocaceae;Komarekiella
Pseudoaliinostoc,0,0,0,0,0,0,0,0,0,0,0,0,0,0,0,0,2,0,0,0,0,0,0,0,2,Bacteria,Bacteria_none,Cyanobacteria,Cyanobacteria_Incertae_sedis,Nostocales,Nostocaceae,Bacteria;Bacteria_none;Cyanobacteria;Cyanobacteria_Incertae_sedis;Nostocales;Nostocaceae;Pseudoaliinostoc
Constrictifilum,0,0,0,0,0,0,0,0,0,0,0,0,0,0,0,0,2,0,0,0,0,0,0,0,2,Bacteria,Bacteria_none,Cyanobacteria,Cyanobacteria_Incertae_sedis,Nostocales,Nostocales_Incertae_sedis,Bacteria;Bacteria_none;Cyanobacteria;Cyanobacteria_Incertae_sedis;Nostocales;Nostocales_Incertae_sedis;Constrictifilum
Bacillus,0,11,0,0,0,503,0,0,0,0,3,1,0,101,0,0,0,156,0,3,6,7,3,0,794,Bacteria,Bacteria_none,Firmicutes,Bacilli,Bacillales,Bacillaceae,Bacteria;Bacteria_none;Firmicutes;Bacilli;Bacillales;Bacillaceae;Bacillus
Cytobacillus,0,0,0,0,0,0,0,0,0,0,0,0,0,0,0,0,0,0,0,22,14,7,0,0,43,Bacteria,Bacteria_none,Firmicutes,Bacilli,Bacillales,Bacillaceae,Bacteria;Bacteria_none;Firmicutes;Bacilli;Bacillales;Bacillaceae;Cytobacillus
Geobacillus,0,0,0,0,0,0,0,0,8,0,0,0,0,0,0,0,0,0,0,0,0,0,0,0,8,Bacteria,Bacteria_none,Firmicutes,Bacilli,Bacillales,Bacillaceae,Bacteria;Bacteria_none;Firmicutes;Bacilli;Bacillales;Bacillaceae;Geobacillus
Halobacillus,0,0,0,0,0,0,0,0,0,0,0,0,0,0,0,0,0,0,0,0,0,0,0,39,39,Bacteria,Bacteria_none,Firmicutes,Bacilli,Bacillales,Bacillaceae,Bacteria;Bacteria_none;Firmicutes;Bacilli;Bacillales;Bacillaceae;Halobacillus
Lysinibacillus,0,49,0,0,0,0,0,0,0,0,0,0,0,0,0,54,0,0,0,53,0,0,67,0,223,Bacteria,Bacteria_none,Firmicutes,Bacilli,Bacillales,Bacillaceae,Bacteria;Bacteria_none;Firmicutes;Bacilli;Bacillales;Bacillaceae;Lysinibacillus
Mesobacillus,0,0,0,0,0,0,0,11,0,0,0,1,0,0,0,0,0,0,0,1,2,0,0,0,15,Bacteria,Bacteria_none,Firmicutes,Bacilli,Bacillales,Bacillaceae,Bacteria;Bacteria_none;Firmicutes;Bacilli;Bacillales;Bacillaceae;Mesobacillus
Neobacillus,0,0,0,0,0,0,0,0,0,0,0,25,0,0,0,0,0,0,0,37,46,59,0,0,167,Bacteria,Bacteria_none,Firmicutes,Bacilli,Bacillales,Bacillaceae,Bacteria;Bacteria_none;Firmicutes;Bacilli;Bacillales;Bacillaceae;Neobacillus
Niallia,0,0,13,0,0,0,1,0,0,0,0,0,0,51,0,0,0,0,0,0,0,10,0,0,75,Bacteria,Bacteria_none,Firmicutes,Bacilli,Bacillales,Bacillaceae,Bacteria;Bacteria_none;Firmicutes;Bacilli;Bacillales;Bacillaceae;Niallia
Peribacillus,331,208,108,0,0,2655,58,67,363,1891,8,355,336,931,0,1095,260,308,0,1011,1145,257,809,679,12875,Bacteria,Bacteria_none,Firmicutes,Bacilli,Bacillales,Bacillaceae,Bacteria;Bacteria_none;Firmicutes;Bacilli;Bacillales;Bacillaceae;Peribacillus
Pseudoneobacillus,0,0,0,0,0,0,0,0,0,0,0,0,0,0,0,0,0,0,0,46,0,0,0,0,46,Bacteria,Bacteria_none,Firmicutes,Bacilli,Bacillales,Bacillaceae,Bacteria;Bacteria_none;Firmicutes;Bacilli;Bacillales;Bacillaceae;Pseudoneobacillus
Exiguobacterium,0,0,0,0,0,0,0,0,0,0,0,0,0,0,0,87,0,0,0,98,0,0,0,0,185,Bacteria,Bacteria_none,Firmicutes,Bacilli,Bacillales,Bacillales_Incertae_sedis,Bacteria;Bacteria_none;Firmicutes;Bacilli;Bacillales;Bacillales_Incertae_sedis;Exiguobacterium
Gemella,0,0,0,0,0,0,0,0,0,0,0,0,0,0,0,0,50,0,0,0,0,0,94,0,144,Bacteria,Bacteria_none,Firmicutes,Bacilli,Bacillales,Bacillales_Incertae_sedis,Bacteria;Bacteria_none;Firmicutes;Bacilli;Bacillales;Bacillales_Incertae_sedis;Gemella
Paenibacillus,0,0,0,0,0,0,0,0,0,0,0,13,0,0,0,0,0,5,0,0,0,0,80,0,98,Bacteria,Bacteria_none,Firmicutes,Bacilli,Bacillales,Paenibacillaceae,Bacteria;Bacteria_none;Firmicutes;Bacilli;Bacillales;Paenibacillaceae;Paenibacillus
Aliicoccus,0,0,0,0,0,0,15,0,0,0,0,6,0,0,0,0,0,2,0,0,0,0,0,0,23,Bacteria,Bacteria_none,Firmicutes,Bacilli,Bacillales,Staphylococcaceae,Bacteria;Bacteria_none;Firmicutes;Bacilli;Bacillales;Staphylococcaceae;Aliicoccus
Jeotgalicoccus,0,0,0,0,0,0,4,0,0,0,0,0,0,0,0,0,0,0,0,0,0,85,0,0,89,Bacteria,Bacteria_none,Firmicutes,Bacilli,Bacillales,Staphylococcaceae,Bacteria;Bacteria_none;Firmicutes;Bacilli;Bacillales;Staphylococcaceae;Jeotgalicoccus
Salinicoccus,0,0,0,0,0,147,39,0,0,110,0,66,0,0,0,270,87,61,0,415,252,0,424,64,1935,Bacteria,Bacteria_none,Firmicutes,Bacilli,Bacillales,Staphylococcaceae,Bacteria;Bacteria_none;Firmicutes;Bacilli;Bacillales;Staphylococcaceae;Salinicoccus
Staphylococcus,27,0,33,0,0,0,0,7,0,0,0,50,0,0,0,96,33,5,0,151,452,49,285,79,1267,Bacteria,Bacteria_none,Firmicutes,Bacilli,Bacillales,Staphylococcaceae,Bacteria;Bacteria_none;Firmicutes;Bacilli;Bacillales;Staphylococcaceae;Staphylococcus
Aerococcus,0,0,0,0,0,0,0,0,0,0,0,0,0,0,0,0,0,69,0,0,0,0,0,0,69,Bacteria,Bacteria_none,Firmicutes,Bacilli,Lactobacillales,Aerococcaceae,Bacteria;Bacteria_none;Firmicutes;Bacilli;Lactobacillales;Aerococcaceae;Aerococcus
Facklamia,0,0,0,0,0,0,0,0,0,0,9,0,0,0,0,0,0,0,0,0,0,0,86,0,95,Bacteria,Bacteria_none,Firmicutes,Bacilli,Lactobacillales,Aerococcaceae,Bacteria;Bacteria_none;Firmicutes;Bacilli;Lactobacillales;Aerococcaceae;Facklamia
Alkalibacterium,0,0,0,0,0,0,0,0,0,0,0,0,0,0,0,0,0,36,0,0,0,0,0,0,36,Bacteria,Bacteria_none,Firmicutes,Bacilli,Lactobacillales,Carnobacteriaceae,Bacteria;Bacteria_none;Firmicutes;Bacilli;Lactobacillales;Carnobacteriaceae;Alkalibacterium
Atopostipes,8,0,0,0,0,0,50,0,0,0,6,17,0,0,0,24,0,0,0,0,0,29,55,0,189,Bacteria,Bacteria_none,Firmicutes,Bacilli,Lactobacillales,Carnobacteriaceae,Bacteria;Bacteria_none;Firmicutes;Bacilli;Lactobacillales;Carnobacteriaceae;Atopostipes
Dolosigranulum,0,0,0,0,0,0,0,0,0,0,0,0,0,0,0,0,0,15,0,0,0,0,0,0,15,Bacteria,Bacteria_none,Firmicutes,Bacilli,Lactobacillales,Carnobacteriaceae,Bacteria;Bacteria_none;Firmicutes;Bacilli;Lactobacillales;Carnobacteriaceae;Dolosigranulum
Granulicatella,0,0,0,0,0,0,0,0,0,0,0,0,0,0,0,0,14,0,0,0,0,0,0,0,14,Bacteria,Bacteria_none,Firmicutes,Bacilli,Lactobacillales,Carnobacteriaceae,Bacteria;Bacteria_none;Firmicutes;Bacilli;Lactobacillales;Carnobacteriaceae;Granulicatella
Enterococcus,0,0,0,0,0,0,0,0,0,0,0,0,0,22,0,0,0,0,0,0,956,0,112,0,1090,Bacteria,Bacteria_none,Firmicutes,Bacilli,Lactobacillales,Enterococcaceae,Bacteria;Bacteria_none;Firmicutes;Bacilli;Lactobacillales;Enterococcaceae;Enterococcus
Vagococcus,0,0,0,0,0,0,0,0,0,0,0,0,0,0,0,0,0,0,0,0,0,0,639,0,639,Bacteria,Bacteria_none,Firmicutes,Bacilli,Lactobacillales,Enterococcaceae,Bacteria;Bacteria_none;Firmicutes;Bacilli;Lactobacillales;Enterococcaceae;Vagococcus
Lactobacillus,0,0,0,0,0,0,0,48,0,0,0,0,0,0,0,0,0,0,0,67,214,0,0,0,329,Bacteria,Bacteria_none,Firmicutes,Bacilli,Lactobacillales,Lactobacillaceae,Bacteria;Bacteria_none;Firmicutes;Bacilli;Lactobacillales;Lactobacillaceae;Lactobacillus
Ligilactobacillus,0,0,0,0,0,0,0,0,0,0,0,0,0,44,0,0,0,0,0,0,0,0,0,0,44,Bacteria,Bacteria_none,Firmicutes,Bacilli,Lactobacillales,Lactobacillaceae,Bacteria;Bacteria_none;Firmicutes;Bacilli;Lactobacillales;Lactobacillaceae;Ligilactobacillus
Lactococcus,0,0,0,0,0,0,0,0,0,0,0,0,0,0,0,0,0,0,0,0,0,0,603,0,603,Bacteria,Bacteria_none,Firmicutes,Bacilli,Lactobacillales,Streptococcaceae,Bacteria;Bacteria_none;Firmicutes;Bacilli;Lactobacillales;Streptococcaceae;Lactococcus
Streptococcus,0,0,0,0,0,0,0,44,0,0,0,0,0,0,0,0,265,0,0,0,0,0,0,0,309,Bacteria,Bacteria_none,Firmicutes,Bacilli,Lactobacillales,Streptococcaceae,Bacteria;Bacteria_none;Firmicutes;Bacilli;Lactobacillales;Streptococcaceae;Streptococcus
Clostridium,0,0,0,0,0,0,0,0,0,0,0,0,0,0,0,0,0,0,0,0,0,0,311,0,311,Bacteria,Bacteria_none,Firmicutes,Clostridia,Eubacteriales,Clostridiaceae,Bacteria;Bacteria_none;Firmicutes;Clostridia;Eubacteriales;Clostridiaceae;Clostridium
Sinanaerobacter,0,0,0,0,0,0,0,6,0,0,0,0,0,0,0,0,0,0,0,0,0,0,0,0,6,Bacteria,Bacteria_none,Firmicutes,Clostridia,Eubacteriales,Eubacteriales Family XIII. Incertae Sedis,Bacteria;Bacteria_none;Firmicutes;Clostridia;Eubacteriales;Eubacteriales Family XIII. Incertae Sedis;Sinanaerobacter
Gemmiger,0,0,0,0,0,0,0,0,0,0,0,0,0,22,0,0,0,0,0,0,0,0,0,0,22,Bacteria,Bacteria_none,Firmicutes,Clostridia,Eubacteriales,Eubacteriales_Incertae_sedis,Bacteria;Bacteria_none;Firmicutes;Clostridia;Eubacteriales;Eubacteriales_Incertae_sedis;Gemmiger
Anaerobutyricum,0,0,0,0,0,0,0,0,0,0,0,2,0,0,0,0,0,0,0,0,0,0,0,0,2,Bacteria,Bacteria_none,Firmicutes,Clostridia,Eubacteriales,Lachnospiraceae,Bacteria;Bacteria_none;Firmicutes;Clostridia;Eubacteriales;Lachnospiraceae;Anaerobutyricum
Blautia,0,0,0,0,0,0,0,0,0,0,0,0,0,40,0,0,0,0,0,0,0,0,0,0,40,Bacteria,Bacteria_none,Firmicutes,Clostridia,Eubacteriales,Lachnospiraceae,Bacteria;Bacteria_none;Firmicutes;Clostridia;Eubacteriales;Lachnospiraceae;Blautia
Mediterraneibacter,0,0,0,0,0,0,0,0,0,0,0,0,0,50,0,0,0,0,0,0,0,0,0,0,50,Bacteria,Bacteria_none,Firmicutes,Clostridia,Eubacteriales,Lachnospiraceae,Bacteria;Bacteria_none;Firmicutes;Clostridia;Eubacteriales;Lachnospiraceae;Mediterraneibacter
Oscillibacter,0,0,0,0,0,0,0,0,0,0,0,0,0,0,0,0,0,13,0,0,0,0,0,0,13,Bacteria,Bacteria_none,Firmicutes,Clostridia,Eubacteriales,Oscillospiraceae,Bacteria;Bacteria_none;Firmicutes;Clostridia;Eubacteriales;Oscillospiraceae;Oscillibacter
Ruminococcus,0,0,0,0,0,0,0,0,0,0,0,3,0,0,0,0,0,0,0,0,0,0,0,0,3,Bacteria,Bacteria_none,Firmicutes,Clostridia,Eubacteriales,Oscillospiraceae,Bacteria;Bacteria_none;Firmicutes;Clostridia;Eubacteriales;Oscillospiraceae;Ruminococcus
Intestinibacter,0,2,2,0,0,0,0,0,0,0,0,0,0,0,0,0,0,0,0,0,0,0,0,0,4,Bacteria,Bacteria_none,Firmicutes,Clostridia,Eubacteriales,Peptostreptococcaceae,Bacteria;Bacteria_none;Firmicutes;Clostridia;Eubacteriales;Peptostreptococcaceae;Intestinibacter
Paeniclostridium,0,0,0,0,0,0,0,7,0,0,0,0,0,0,0,0,0,0,0,0,0,0,0,0,7,Bacteria,Bacteria_none,Firmicutes,Clostridia,Eubacteriales,Peptostreptococcaceae,Bacteria;Bacteria_none;Firmicutes;Clostridia;Eubacteriales;Peptostreptococcaceae;Paeniclostridium
Romboutsia,0,12,3,0,0,0,0,0,0,0,0,46,0,19,0,107,0,0,0,0,0,150,0,0,337,Bacteria,Bacteria_none,Firmicutes,Clostridia,Eubacteriales,Peptostreptococcaceae,Bacteria;Bacteria_none;Firmicutes;Clostridia;Eubacteriales;Peptostreptococcaceae;Romboutsia
Veillonella,0,0,0,0,0,0,0,2,0,0,0,0,0,0,0,0,63,0,0,0,0,0,0,0,65,Bacteria,Bacteria_none,Firmicutes,Negativicutes,Veillonellales,Veillonellaceae,Bacteria;Bacteria_none;Firmicutes;Negativicutes;Veillonellales;Veillonellaceae;Veillonella
Anaerococcus,0,0,0,0,0,0,0,0,0,0,13,0,0,0,0,0,0,0,0,0,0,0,0,0,13,Bacteria,Bacteria_none,Firmicutes,Tissierellia,Tissierellales,Peptoniphilaceae,Bacteria;Bacteria_none;Firmicutes;Tissierellia;Tissierellales;Peptoniphilaceae;Anaerococcus
Nitrospira,0,0,0,0,0,0,0,0,0,0,0,0,0,0,0,0,20,0,0,0,0,0,0,0,20,Bacteria,Bacteria_none,Nitrospirae,Nitrospira,Nitrospirales,Nitrospiraceae,Bacteria;Bacteria_none;Nitrospirae;Nitrospira;Nitrospirales;Nitrospiraceae;Nitrospira
Aeoliella,0,0,0,0,0,0,0,0,0,0,0,0,0,0,0,0,0,15,0,0,0,0,0,0,15,Bacteria,Bacteria_none,Planctomycetota,Planctomycetia,Pirellulales,Lacipirellulaceae,Bacteria;Bacteria_none;Planctomycetota;Planctomycetia;Pirellulales;Lacipirellulaceae;Aeoliella
Brevundimonas,6,0,0,0,0,0,0,0,0,0,0,0,0,0,0,0,0,0,0,0,2,0,34,216,258,Bacteria,Bacteria_none,Proteobacteria,Alphaproteobacteria,Caulobacterales,Caulobacteraceae,Bacteria;Bacteria_none;Proteobacteria;Alphaproteobacteria;Caulobacterales;Caulobacteraceae;Brevundimonas
Caulobacter,0,1,0,0,0,0,0,0,0,0,0,0,0,0,0,0,0,0,0,39,196,0,162,30,428,Bacteria,Bacteria_none,Proteobacteria,Alphaproteobacteria,Caulobacterales,Caulobacteraceae,Bacteria;Bacteria_none;Proteobacteria;Alphaproteobacteria;Caulobacterales;Caulobacteraceae;Caulobacter
Alsobacter,0,0,0,0,0,0,0,0,0,0,0,0,0,0,0,0,0,0,0,0,0,3,0,0,3,Bacteria,Bacteria_none,Proteobacteria,Alphaproteobacteria,Hyphomicrobiales,Alsobacteraceae,Bacteria;Bacteria_none;Proteobacteria;Alphaproteobacteria;Hyphomicrobiales;Alsobacteraceae;Alsobacter
Aureimonas,0,3,0,0,0,0,0,0,0,0,0,0,0,0,0,0,0,0,0,0,0,0,0,0,3,Bacteria,Bacteria_none,Proteobacteria,Alphaproteobacteria,Hyphomicrobiales,Aurantimonadaceae,Bacteria;Bacteria_none;Proteobacteria;Alphaproteobacteria;Hyphomicrobiales;Aurantimonadaceae;Aureimonas
Bartonella,0,0,0,0,0,0,0,0,0,0,0,0,0,0,0,0,0,0,0,0,0,0,111,0,111,Bacteria,Bacteria_none,Proteobacteria,Alphaproteobacteria,Hyphomicrobiales,Bartonellaceae,Bacteria;Bacteria_none;Proteobacteria;Alphaproteobacteria;Hyphomicrobiales;Bartonellaceae;Bartonella
Bosea,0,0,0,0,0,0,0,69,0,0,0,0,0,0,0,0,0,0,0,0,0,0,0,0,69,Bacteria,Bacteria_none,Proteobacteria,Alphaproteobacteria,Hyphomicrobiales,Boseaceae,Bacteria;Bacteria_none;Proteobacteria;Alphaproteobacteria;Hyphomicrobiales;Boseaceae;Bosea
Devosia,0,0,14,0,0,0,0,0,0,0,0,0,0,0,0,0,29,0,0,0,0,0,0,0,43,Bacteria,Bacteria_none,Proteobacteria,Alphaproteobacteria,Hyphomicrobiales,Devosiaceae,Bacteria;Bacteria_none;Proteobacteria;Alphaproteobacteria;Hyphomicrobiales;Devosiaceae;Devosia
Hyphomicrobium,26,0,0,0,0,0,0,0,0,0,0,0,0,0,0,0,0,0,0,0,0,0,0,0,26,Bacteria,Bacteria_none,Proteobacteria,Alphaproteobacteria,Hyphomicrobiales,Hyphomicrobiaceae,Bacteria;Bacteria_none;Proteobacteria;Alphaproteobacteria;Hyphomicrobiales;Hyphomicrobiaceae;Hyphomicrobium
Pseudorhodoplanes,0,0,4,0,0,0,0,0,0,0,0,0,0,0,0,0,0,0,0,0,0,0,0,0,4,Bacteria,Bacteria_none,Proteobacteria,Alphaproteobacteria,Hyphomicrobiales,Hyphomicrobiales_Incertae_sedis,Bacteria;Bacteria_none;Proteobacteria;Alphaproteobacteria;Hyphomicrobiales;Hyphomicrobiales_Incertae_sedis;Pseudorhodoplanes
Methylobacterium,0,0,0,0,0,0,0,7,0,0,0,0,0,0,0,0,0,0,0,0,0,0,131,0,138,Bacteria,Bacteria_none,Proteobacteria,Alphaproteobacteria,Hyphomicrobiales,Methylobacteriaceae,Bacteria;Bacteria_none;Proteobacteria;Alphaproteobacteria;Hyphomicrobiales;Methylobacteriaceae;Methylobacterium
Methylorubrum,0,0,0,0,0,0,0,23,86,0,1,0,0,22,0,0,35,0,0,0,0,0,0,0,167,Bacteria,Bacteria_none,Proteobacteria,Alphaproteobacteria,Hyphomicrobiales,Methylobacteriaceae,Bacteria;Bacteria_none;Proteobacteria;Alphaproteobacteria;Hyphomicrobiales;Methylobacteriaceae;Methylorubrum
Microvirga,0,2,0,0,0,0,0,0,0,0,0,0,0,0,0,0,0,0,0,0,0,0,0,276,278,Bacteria,Bacteria_none,Proteobacteria,Alphaproteobacteria,Hyphomicrobiales,Methylobacteriaceae,Bacteria;Bacteria_none;Proteobacteria;Alphaproteobacteria;Hyphomicrobiales;Methylobacteriaceae;Microvirga
Methylocystis,0,1,0,0,0,0,0,0,0,0,0,0,0,0,0,0,0,0,0,0,0,20,0,0,21,Bacteria,Bacteria_none,Proteobacteria,Alphaproteobacteria,Hyphomicrobiales,Methylocystaceae,Bacteria;Bacteria_none;Proteobacteria;Alphaproteobacteria;Hyphomicrobiales;Methylocystaceae;Methylocystis
Bradyrhizobium,10,0,13,0,0,0,0,22,0,0,0,27,51,0,0,0,0,27,0,57,0,5,86,0,298,Bacteria,Bacteria_none,Proteobacteria,Alphaproteobacteria,Hyphomicrobiales,Nitrobacteraceae,Bacteria;Bacteria_none;Proteobacteria;Alphaproteobacteria;Hyphomicrobiales;Nitrobacteraceae;Bradyrhizobium
Phreatobacter,0,0,0,0,0,0,0,7,0,0,0,0,0,0,0,0,0,0,0,0,0,0,0,0,7,Bacteria,Bacteria_none,Proteobacteria,Alphaproteobacteria,Hyphomicrobiales,Phreatobacteraceae,Bacteria;Bacteria_none;Proteobacteria;Alphaproteobacteria;Hyphomicrobiales;Phreatobacteraceae;Phreatobacter
Mesorhizobium,0,0,0,0,0,0,0,0,0,0,0,0,22,0,0,0,0,57,0,0,117,0,0,0,196,Bacteria,Bacteria_none,Proteobacteria,Alphaproteobacteria,Hyphomicrobiales,Phyllobacteriaceae,Bacteria;Bacteria_none;Proteobacteria;Alphaproteobacteria;Hyphomicrobiales;Phyllobacteriaceae;Mesorhizobium
Phyllobacterium,0,0,0,0,0,0,0,0,0,0,0,0,0,0,0,0,0,0,0,0,0,0,2,0,2,Bacteria,Bacteria_none,Proteobacteria,Alphaproteobacteria,Hyphomicrobiales,Phyllobacteriaceae,Bacteria;Bacteria_none;Proteobacteria;Alphaproteobacteria;Hyphomicrobiales;Phyllobacteriaceae;Phyllobacterium
Reyranella,20,0,0,0,0,0,0,0,5,0,0,0,0,0,0,0,24,0,0,0,0,0,0,0,49,Bacteria,Bacteria_none,Proteobacteria,Alphaproteobacteria,Hyphomicrobiales,Reyranellaceae,Bacteria;Bacteria_none;Proteobacteria;Alphaproteobacteria;Hyphomicrobiales;Reyranellaceae;Reyranella
Pseudorhizobium,0,0,0,0,0,0,0,0,0,0,0,0,0,0,0,0,0,0,0,0,0,0,43,0,43,Bacteria,Bacteria_none,Proteobacteria,Alphaproteobacteria,Hyphomicrobiales,Rhizobiaceae,Bacteria;Bacteria_none;Proteobacteria;Alphaproteobacteria;Hyphomicrobiales;Rhizobiaceae;Pseudorhizobium
Rhizobium,0,0,0,0,0,0,0,0,0,0,0,0,0,22,0,0,0,0,0,0,0,0,1,0,23,Bacteria,Bacteria_none,Proteobacteria,Alphaproteobacteria,Hyphomicrobiales,Rhizobiaceae,Bacteria;Bacteria_none;Proteobacteria;Alphaproteobacteria;Hyphomicrobiales;Rhizobiaceae;Rhizobium
Shinella,0,0,0,0,0,878,0,0,0,0,0,0,0,0,0,0,0,0,0,0,0,0,0,0,878,Bacteria,Bacteria_none,Proteobacteria,Alphaproteobacteria,Hyphomicrobiales,Rhizobiaceae,Bacteria;Bacteria_none;Proteobacteria;Alphaproteobacteria;Hyphomicrobiales;Rhizobiaceae;Shinella
Pannonibacter,0,0,0,0,0,0,0,0,0,0,0,0,0,0,0,0,0,0,0,54,0,0,0,0,54,Bacteria,Bacteria_none,Proteobacteria,Alphaproteobacteria,Hyphomicrobiales,Stappiaceae,Bacteria;Bacteria_none;Proteobacteria;Alphaproteobacteria;Hyphomicrobiales;Stappiaceae;Pannonibacter
Asprobacter,0,0,3,0,0,0,0,0,0,0,0,0,0,0,0,0,0,0,0,0,0,0,0,0,3,Bacteria,Bacteria_none,Proteobacteria,Alphaproteobacteria,Hyphomonadales,Hyphomonadaceae,Bacteria;Bacteria_none;Proteobacteria;Alphaproteobacteria;Hyphomonadales;Hyphomonadaceae;Asprobacter
Amaricoccus,0,0,0,0,0,0,0,17,0,0,0,0,0,0,0,0,0,0,0,0,0,0,0,0,17,Bacteria,Bacteria_none,Proteobacteria,Alphaproteobacteria,Rhodobacterales,Rhodobacteraceae,Bacteria;Bacteria_none;Proteobacteria;Alphaproteobacteria;Rhodobacterales;Rhodobacteraceae;Amaricoccus
Falsigemmobacter,0,0,0,0,0,0,0,0,0,0,0,0,0,0,0,0,0,0,0,0,0,0,14,0,14,Bacteria,Bacteria_none,Proteobacteria,Alphaproteobacteria,Rhodobacterales,Rhodobacteraceae,Bacteria;Bacteria_none;Proteobacteria;Alphaproteobacteria;Rhodobacterales;Rhodobacteraceae;Falsigemmobacter
Gemmobacter,0,0,0,0,0,0,0,35,0,0,0,0,0,0,0,0,0,0,0,0,0,0,63,0,98,Bacteria,Bacteria_none,Proteobacteria,Alphaproteobacteria,Rhodobacterales,Rhodobacteraceae,Bacteria;Bacteria_none;Proteobacteria;Alphaproteobacteria;Rhodobacterales;Rhodobacteraceae;Gemmobacter
Mangrovicoccus,0,0,0,0,0,0,0,0,0,0,0,0,0,0,0,0,0,0,0,0,0,0,0,76,76,Bacteria,Bacteria_none,Proteobacteria,Alphaproteobacteria,Rhodobacterales,Rhodobacteraceae,Bacteria;Bacteria_none;Proteobacteria;Alphaproteobacteria;Rhodobacterales;Rhodobacteraceae;Mangrovicoccus
Oceanicella,0,0,0,0,0,0,0,0,0,0,0,0,0,0,0,0,18,0,0,0,0,0,0,0,18,Bacteria,Bacteria_none,Proteobacteria,Alphaproteobacteria,Rhodobacterales,Rhodobacteraceae,Bacteria;Bacteria_none;Proteobacteria;Alphaproteobacteria;Rhodobacterales;Rhodobacteraceae;Oceanicella
Paenirhodobacter,0,0,0,0,0,0,0,0,0,0,0,0,0,0,0,0,0,0,0,0,0,0,0,5,5,Bacteria,Bacteria_none,Proteobacteria,Alphaproteobacteria,Rhodobacterales,Rhodobacteraceae,Bacteria;Bacteria_none;Proteobacteria;Alphaproteobacteria;Rhodobacterales;Rhodobacteraceae;Paenirhodobacter
Paracoccus,10,0,0,0,0,118,0,738,47,0,0,0,12,0,0,38,32,54,0,0,0,23,212,7856,9140,Bacteria,Bacteria_none,Proteobacteria,Alphaproteobacteria,Rhodobacterales,Rhodobacteraceae,Bacteria;Bacteria_none;Proteobacteria;Alphaproteobacteria;Rhodobacterales;Rhodobacteraceae;Paracoccus
Roseitranquillus,0,0,0,0,0,0,0,0,0,0,0,0,0,0,0,0,12,0,0,45,0,0,0,0,57,Bacteria,Bacteria_none,Proteobacteria,Alphaproteobacteria,Rhodobacterales,Rhodobacteraceae,Bacteria;Bacteria_none;Proteobacteria;Alphaproteobacteria;Rhodobacterales;Rhodobacteraceae;Roseitranquillus
Sedimentimonas,0,0,0,0,0,0,0,0,0,0,0,0,0,0,0,0,0,0,0,0,0,0,0,92,92,Bacteria,Bacteria_none,Proteobacteria,Alphaproteobacteria,Rhodobacterales,Rhodobacteraceae,Bacteria;Bacteria_none;Proteobacteria;Alphaproteobacteria;Rhodobacterales;Rhodobacteraceae;Sedimentimonas
Thioclava,0,0,0,0,0,0,0,0,0,0,0,0,0,0,0,0,0,0,0,0,0,0,0,8,8,Bacteria,Bacteria_none,Proteobacteria,Alphaproteobacteria,Rhodobacterales,Rhodobacteraceae,Bacteria;Bacteria_none;Proteobacteria;Alphaproteobacteria;Rhodobacterales;Rhodobacteraceae;Thioclava
Rubellimicrobium,0,0,8,0,0,0,0,0,0,0,0,0,0,0,0,0,0,0,0,0,0,0,0,0,8,Bacteria,Bacteria_none,Proteobacteria,Alphaproteobacteria,Rhodobacterales,Roseobacteraceae,Bacteria;Bacteria_none;Proteobacteria;Alphaproteobacteria;Rhodobacterales;Roseobacteraceae;Rubellimicrobium
Asaia,0,0,26,0,0,0,0,0,0,0,0,0,0,125,0,0,0,0,0,0,0,0,72,0,223,Bacteria,Bacteria_none,Proteobacteria,Alphaproteobacteria,Rhodospirillales,Acetobacteraceae,Bacteria;Bacteria_none;Proteobacteria;Alphaproteobacteria;Rhodospirillales;Acetobacteraceae;Asaia
Dankookia,0,0,0,0,0,0,0,5,0,0,0,0,0,0,0,0,0,0,0,0,0,0,0,0,5,Bacteria,Bacteria_none,Proteobacteria,Alphaproteobacteria,Rhodospirillales,Acetobacteraceae,Bacteria;Bacteria_none;Proteobacteria;Alphaproteobacteria;Rhodospirillales;Acetobacteraceae;Dankookia
Gluconobacter,335,0,0,0,0,0,0,0,0,0,0,0,0,0,0,0,0,0,0,0,0,0,0,0,335,Bacteria,Bacteria_none,Proteobacteria,Alphaproteobacteria,Rhodospirillales,Acetobacteraceae,Bacteria;Bacteria_none;Proteobacteria;Alphaproteobacteria;Rhodospirillales;Acetobacteraceae;Gluconobacter
Skermanella,0,0,0,0,0,0,0,0,0,0,0,0,0,0,0,0,0,0,0,0,0,0,46,0,46,Bacteria,Bacteria_none,Proteobacteria,Alphaproteobacteria,Rhodospirillales,Azospirillaceae,Bacteria;Bacteria_none;Proteobacteria;Alphaproteobacteria;Rhodospirillales;Azospirillaceae;Skermanella
Anaplasma,0,0,0,0,0,605,6480,0,5,0,0,1974,0,0,1,905,30,0,0,19,1,0,0,704,10724,Bacteria,Bacteria_none,Proteobacteria,Alphaproteobacteria,Rickettsiales,Anaplasmataceae,Bacteria;Bacteria_none;Proteobacteria;Alphaproteobacteria;Rickettsiales;Anaplasmataceae;Anaplasma
Altererythrobacter,0,0,0,0,0,0,0,0,0,0,0,0,0,0,0,0,0,0,0,0,0,1,2,0,3,Bacteria,Bacteria_none,Proteobacteria,Alphaproteobacteria,Sphingomonadales,Erythrobacteraceae,Bacteria;Bacteria_none;Proteobacteria;Alphaproteobacteria;Sphingomonadales;Erythrobacteraceae;Altererythrobacter
Qipengyuania,0,0,0,0,0,0,0,0,0,0,0,0,0,0,0,0,0,0,0,0,0,25,0,0,25,Bacteria,Bacteria_none,Proteobacteria,Alphaproteobacteria,Sphingomonadales,Erythrobacteraceae,Bacteria;Bacteria_none;Proteobacteria;Alphaproteobacteria;Sphingomonadales;Erythrobacteraceae;Qipengyuania
Tsuneonella,0,0,0,0,0,0,0,0,0,0,0,0,0,0,0,0,0,0,0,0,0,3,63,0,66,Bacteria,Bacteria_none,Proteobacteria,Alphaproteobacteria,Sphingomonadales,Erythrobacteraceae,Bacteria;Bacteria_none;Proteobacteria;Alphaproteobacteria;Sphingomonadales;Erythrobacteraceae;Tsuneonella
Novosphingobium,0,0,0,0,0,0,0,0,0,0,0,15,0,0,0,0,0,1,0,0,0,0,0,0,16,Bacteria,Bacteria_none,Proteobacteria,Alphaproteobacteria,Sphingomonadales,Sphingomonadaceae,Bacteria;Bacteria_none;Proteobacteria;Alphaproteobacteria;Sphingomonadales;Sphingomonadaceae;Novosphingobium
Sphingobium,74,12,41,0,0,0,0,21,106,230,6,0,0,86,0,0,2,0,0,27,0,0,51,80,736,Bacteria,Bacteria_none,Proteobacteria,Alphaproteobacteria,Sphingomonadales,Sphingomonadaceae,Bacteria;Bacteria_none;Proteobacteria;Alphaproteobacteria;Sphingomonadales;Sphingomonadaceae;Sphingobium
Sphingomonas,177,60,148,0,0,1058,36,256,97,187,6,85,137,242,0,135,198,83,0,140,340,108,1060,487,5040,Bacteria,Bacteria_none,Proteobacteria,Alphaproteobacteria,Sphingomonadales,Sphingomonadaceae,Bacteria;Bacteria_none;Proteobacteria;Alphaproteobacteria;Sphingomonadales;Sphingomonadaceae;Sphingomonas
Sphingorhabdus,0,0,0,0,0,0,0,0,10,0,0,0,0,0,0,0,0,0,0,0,0,0,0,0,10,Bacteria,Bacteria_none,Proteobacteria,Alphaproteobacteria,Sphingomonadales,Sphingomonadaceae,Bacteria;Bacteria_none;Proteobacteria;Alphaproteobacteria;Sphingomonadales;Sphingomonadaceae;Sphingorhabdus
Sphingoaurantiacus,0,0,0,0,0,0,0,0,0,0,0,0,0,0,0,0,26,0,0,0,0,0,0,0,26,Bacteria,Bacteria_none,Proteobacteria,Alphaproteobacteria,Sphingomonadales,Sphingosinicellaceae,Bacteria;Bacteria_none;Proteobacteria;Alphaproteobacteria;Sphingomonadales;Sphingosinicellaceae;Sphingoaurantiacus
Sphingosinicella,0,0,0,0,0,0,0,0,0,0,0,0,0,0,0,0,0,0,0,0,0,0,0,11,11,Bacteria,Bacteria_none,Proteobacteria,Alphaproteobacteria,Sphingomonadales,Sphingosinicellaceae,Bacteria;Bacteria_none;Proteobacteria;Alphaproteobacteria;Sphingomonadales;Sphingosinicellaceae;Sphingosinicella
Burkholderia,39,27,0,0,0,0,0,6,0,0,12,20,0,33,0,30,88,60,0,92,60,50,0,327,844,Bacteria,Bacteria_none,Proteobacteria,Betaproteobacteria,Burkholderiales,Burkholderiaceae,Bacteria;Bacteria_none;Proteobacteria;Betaproteobacteria;Burkholderiales;Burkholderiaceae;Burkholderia
Caenibaculum,0,0,1,0,0,0,0,0,1,0,1,1,0,1,0,5,3,0,0,4,2,1,16,0,36,Bacteria,Bacteria_none,Proteobacteria,Betaproteobacteria,Burkholderiales,Burkholderiaceae,Bacteria;Bacteria_none;Proteobacteria;Betaproteobacteria;Burkholderiales;Burkholderiaceae;Caenibaculum
Cupriavidus,4,0,0,0,0,1,0,1,1,1,0,2,0,0,0,0,1,0,0,2,1,0,2,6,22,Bacteria,Bacteria_none,Proteobacteria,Betaproteobacteria,Burkholderiales,Burkholderiaceae,Bacteria;Bacteria_none;Proteobacteria;Betaproteobacteria;Burkholderiales;Burkholderiaceae;Cupriavidus
Lautropia,0,0,0,0,0,0,0,0,0,0,2,0,0,0,0,0,34,2,0,0,0,0,0,0,38,Bacteria,Bacteria_none,Proteobacteria,Betaproteobacteria,Burkholderiales,Burkholderiaceae,Bacteria;Bacteria_none;Proteobacteria;Betaproteobacteria;Burkholderiales;Burkholderiaceae;Lautropia
Limnobacter,0,17,0,0,0,0,0,0,0,0,0,0,0,0,0,0,0,0,0,0,0,47,0,0,64,Bacteria,Bacteria_none,Proteobacteria,Betaproteobacteria,Burkholderiales,Burkholderiaceae,Bacteria;Bacteria_none;Proteobacteria;Betaproteobacteria;Burkholderiales;Burkholderiaceae;Limnobacter
Paraburkholderia,2,2,0,0,0,0,0,0,0,0,0,3,0,0,0,0,3,0,0,4,1,4,8,2,29,Bacteria,Bacteria_none,Proteobacteria,Betaproteobacteria,Burkholderiales,Burkholderiaceae,Bacteria;Bacteria_none;Proteobacteria;Betaproteobacteria;Burkholderiales;Burkholderiaceae;Paraburkholderia
Ralstonia,544,122,397,0,0,985,82,251,462,1089,31,888,516,339,0,349,777,665,0,1264,798,1096,2521,2774,15950,Bacteria,Bacteria_none,Proteobacteria,Betaproteobacteria,Burkholderiales,Burkholderiaceae,Bacteria;Bacteria_none;Proteobacteria;Betaproteobacteria;Burkholderiales;Burkholderiaceae;Ralstonia
Aquabacterium,238,0,28,0,0,61,13,24,45,152,11,52,60,0,0,71,28,14,0,63,0,42,0,341,1243,Bacteria,Bacteria_none,Proteobacteria,Betaproteobacteria,Burkholderiales,Burkholderiales_Incertae_sedis,Bacteria;Bacteria_none;Proteobacteria;Betaproteobacteria;Burkholderiales;Burkholderiales_Incertae_sedis;Aquabacterium
Aquariibacter,0,0,0,0,0,0,0,38,0,0,0,0,0,43,0,0,50,0,0,0,0,0,0,0,131,Bacteria,Bacteria_none,Proteobacteria,Betaproteobacteria,Burkholderiales,Burkholderiales_Incertae_sedis,Bacteria;Bacteria_none;Proteobacteria;Betaproteobacteria;Burkholderiales;Burkholderiales_Incertae_sedis;Aquariibacter
Leptothrix,0,0,0,0,0,0,0,2,0,0,0,0,0,0,0,0,1,0,0,0,0,0,0,1,4,Bacteria,Bacteria_none,Proteobacteria,Betaproteobacteria,Burkholderiales,Burkholderiales_Incertae_sedis,Bacteria;Bacteria_none;Proteobacteria;Betaproteobacteria;Burkholderiales;Burkholderiales_Incertae_sedis;Leptothrix
Pseudorivibacter,0,0,0,0,0,1,0,0,0,1,0,1,0,0,0,0,1,0,0,0,0,0,0,4,8,Bacteria,Bacteria_none,Proteobacteria,Betaproteobacteria,Burkholderiales,Burkholderiales_Incertae_sedis,Bacteria;Bacteria_none;Proteobacteria;Betaproteobacteria;Burkholderiales;Burkholderiales_Incertae_sedis;Pseudorivibacter
Saezia,0,0,0,0,0,0,0,0,0,0,0,0,0,0,0,0,0,0,0,0,0,0,7,0,7,Bacteria,Bacteria_none,Proteobacteria,Betaproteobacteria,Burkholderiales,Burkholderiales_Incertae_sedis,Bacteria;Bacteria_none;Proteobacteria;Betaproteobacteria;Burkholderiales;Burkholderiales_Incertae_sedis;Saezia
Acidovorax,52,22,0,0,0,1,0,19,0,219,0,0,0,0,0,0,0,0,0,48,0,0,0,1,362,Bacteria,Bacteria_none,Proteobacteria,Betaproteobacteria,Burkholderiales,Comamonadaceae,Bacteria;Bacteria_none;Proteobacteria;Betaproteobacteria;Burkholderiales;Comamonadaceae;Acidovorax
Comamonas,0,0,0,0,0,0,0,0,0,0,0,0,0,10,0,0,0,0,0,0,0,0,0,0,10,Bacteria,Bacteria_none,Proteobacteria,Betaproteobacteria,Burkholderiales,Comamonadaceae,Bacteria;Bacteria_none;Proteobacteria;Betaproteobacteria;Burkholderiales;Comamonadaceae;Comamonas
Curvibacter,0,0,52,0,0,139,0,3,29,2,0,19,0,0,0,0,24,0,0,0,128,23,1,47,467,Bacteria,Bacteria_none,Proteobacteria,Betaproteobacteria,Burkholderiales,Comamonadaceae,Bacteria;Bacteria_none;Proteobacteria;Betaproteobacteria;Burkholderiales;Comamonadaceae;Curvibacter
Hydrogenophaga,0,0,0,0,0,1,0,38,0,2,0,2,0,0,0,0,0,6,0,0,2,2,249,1,303,Bacteria,Bacteria_none,Proteobacteria,Betaproteobacteria,Burkholderiales,Comamonadaceae,Bacteria;Bacteria_none;Proteobacteria;Betaproteobacteria;Burkholderiales;Comamonadaceae;Hydrogenophaga
Pelomonas,0,0,0,0,0,0,0,0,41,70,0,20,0,54,0,46,0,66,0,147,108,0,396,111,1059,Bacteria,Bacteria_none,Proteobacteria,Betaproteobacteria,Burkholderiales,Comamonadaceae,Bacteria;Bacteria_none;Proteobacteria;Betaproteobacteria;Burkholderiales;Comamonadaceae;Pelomonas
Polaromonas,8297,656,63,0,0,0,0,0,30,0,1,0,0,0,0,0,0,0,0,0,297,0,0,0,9344,Bacteria,Bacteria_none,Proteobacteria,Betaproteobacteria,Burkholderiales,Comamonadaceae,Bacteria;Bacteria_none;Proteobacteria;Betaproteobacteria;Burkholderiales;Comamonadaceae;Polaromonas
Pseudorhodoferax,0,0,0,0,0,0,0,0,0,2,0,0,0,0,0,0,0,0,0,0,0,0,0,0,2,Bacteria,Bacteria_none,Proteobacteria,Betaproteobacteria,Burkholderiales,Comamonadaceae,Bacteria;Bacteria_none;Proteobacteria;Betaproteobacteria;Burkholderiales;Comamonadaceae;Pseudorhodoferax
Ramlibacter,0,0,0,0,0,1,0,2,1,0,0,0,0,0,0,0,0,0,0,0,0,0,0,67,71,Bacteria,Bacteria_none,Proteobacteria,Betaproteobacteria,Burkholderiales,Comamonadaceae,Bacteria;Bacteria_none;Proteobacteria;Betaproteobacteria;Burkholderiales;Comamonadaceae;Ramlibacter
Rhodoferax,8,1,1,0,0,0,0,1,2,0,0,4,0,0,0,0,2,0,0,0,2,6,0,0,27,Bacteria,Bacteria_none,Proteobacteria,Betaproteobacteria,Burkholderiales,Comamonadaceae,Bacteria;Bacteria_none;Proteobacteria;Betaproteobacteria;Burkholderiales;Comamonadaceae;Rhodoferax
Tibeticola,0,0,0,0,0,9,0,0,0,0,0,0,0,0,0,0,0,0,0,1,0,0,0,4,14,Bacteria,Bacteria_none,Proteobacteria,Betaproteobacteria,Burkholderiales,Comamonadaceae,Bacteria;Bacteria_none;Proteobacteria;Betaproteobacteria;Burkholderiales;Comamonadaceae;Tibeticola
Variovorax,0,0,23,0,0,69,0,11,0,0,0,44,0,0,0,0,0,0,0,0,0,82,0,0,229,Bacteria,Bacteria_none,Proteobacteria,Betaproteobacteria,Burkholderiales,Comamonadaceae,Bacteria;Bacteria_none;Proteobacteria;Betaproteobacteria;Burkholderiales;Comamonadaceae;Variovorax
Massilia,0,16,0,0,0,0,0,0,0,0,0,19,0,0,0,0,0,0,0,0,0,102,0,0,137,Bacteria,Bacteria_none,Proteobacteria,Betaproteobacteria,Burkholderiales,Oxalobacteraceae,Bacteria;Bacteria_none;Proteobacteria;Betaproteobacteria;Burkholderiales;Oxalobacteraceae;Massilia
Aquincola,0,0,0,0,0,0,0,18,0,0,0,0,0,0,0,0,0,0,0,0,0,0,2,0,20,Bacteria,Bacteria_none,Proteobacteria,Betaproteobacteria,Burkholderiales,Sphaerotilaceae,Bacteria;Bacteria_none;Proteobacteria;Betaproteobacteria;Burkholderiales;Sphaerotilaceae;Aquincola
Azohydromonas,0,0,0,0,0,0,0,0,0,0,0,0,0,0,0,0,0,0,0,0,0,0,234,0,234,Bacteria,Bacteria_none,Proteobacteria,Betaproteobacteria,Burkholderiales,Sphaerotilaceae,Bacteria;Bacteria_none;Proteobacteria;Betaproteobacteria;Burkholderiales;Sphaerotilaceae;Azohydromonas
Ideonella,0,0,0,0,0,0,0,26,0,0,0,0,0,0,0,0,0,0,0,0,0,0,0,0,26,Bacteria,Bacteria_none,Proteobacteria,Betaproteobacteria,Burkholderiales,Sphaerotilaceae,Bacteria;Bacteria_none;Proteobacteria;Betaproteobacteria;Burkholderiales;Sphaerotilaceae;Ideonella
Mitsuaria,0,0,0,0,0,0,0,0,0,0,0,0,0,0,0,0,0,0,0,0,1,0,2,2,5,Bacteria,Bacteria_none,Proteobacteria,Betaproteobacteria,Burkholderiales,Sphaerotilaceae,Bacteria;Bacteria_none;Proteobacteria;Betaproteobacteria;Burkholderiales;Sphaerotilaceae;Mitsuaria
Piscinibacter,0,0,0,0,0,0,0,0,0,0,0,0,0,0,0,0,0,2,0,0,0,0,0,0,2,Bacteria,Bacteria_none,Proteobacteria,Betaproteobacteria,Burkholderiales,Sphaerotilaceae,Bacteria;Bacteria_none;Proteobacteria;Betaproteobacteria;Burkholderiales;Sphaerotilaceae;Piscinibacter
Schlegelella,1,0,1,0,0,0,0,1,0,0,0,1,0,1,0,0,4,1,0,1,0,0,1,2,14,Bacteria,Bacteria_none,Proteobacteria,Betaproteobacteria,Burkholderiales,Sphaerotilaceae,Bacteria;Bacteria_none;Proteobacteria;Betaproteobacteria;Burkholderiales;Sphaerotilaceae;Schlegelella
Sphaerotilus,0,0,0,0,0,0,0,0,0,0,0,0,0,0,0,0,22,0,0,0,0,0,0,184,206,Bacteria,Bacteria_none,Proteobacteria,Betaproteobacteria,Burkholderiales,Sphaerotilaceae,Bacteria;Bacteria_none;Proteobacteria;Betaproteobacteria;Burkholderiales;Sphaerotilaceae;Sphaerotilus
Vogesella,0,12,0,0,0,0,0,0,0,0,0,0,100,0,0,0,0,0,0,0,0,0,0,72,184,Bacteria,Bacteria_none,Proteobacteria,Betaproteobacteria,Neisseriales,Chromobacteriaceae,Bacteria;Bacteria_none;Proteobacteria;Betaproteobacteria;Neisseriales;Chromobacteriaceae;Vogesella
Neisseria,0,0,0,0,0,0,0,0,0,0,4,0,0,0,0,0,162,0,0,0,0,0,0,0,166,Bacteria,Bacteria_none,Proteobacteria,Betaproteobacteria,Neisseriales,Neisseriaceae,Bacteria;Bacteria_none;Proteobacteria;Betaproteobacteria;Neisseriales;Neisseriaceae;Neisseria
Prolinoborus,118,0,0,0,0,0,2,2,0,8,1,2,21,2,0,12,0,0,0,49,0,0,34,0,251,Bacteria,Bacteria_none,Proteobacteria,Betaproteobacteria,Neisseriales,Neisseriaceae,Bacteria;Bacteria_none;Proteobacteria;Betaproteobacteria;Neisseriales;Neisseriaceae;Prolinoborus
Methylotenera,452,196,0,0,0,0,0,5,0,0,0,0,0,0,0,22,0,0,0,0,0,0,0,12,687,Bacteria,Bacteria_none,Proteobacteria,Betaproteobacteria,Nitrosomonadales,Methylophilaceae,Bacteria;Bacteria_none;Proteobacteria;Betaproteobacteria;Nitrosomonadales;Methylophilaceae;Methylotenera
Methyloversatilis,0,11,0,0,0,0,0,11,0,0,0,0,0,0,0,0,0,0,0,0,0,0,0,0,22,Bacteria,Bacteria_none,Proteobacteria,Betaproteobacteria,Nitrosomonadales,Sterolibacteriaceae,Bacteria;Bacteria_none;Proteobacteria;Betaproteobacteria;Nitrosomonadales;Sterolibacteriaceae;Methyloversatilis
Usitatibacter,0,0,14,0,0,0,0,0,17,0,0,0,0,0,0,0,10,0,0,0,0,0,0,0,41,Bacteria,Bacteria_none,Proteobacteria,Betaproteobacteria,Nitrosomonadales,Usitatibacteraceae,Bacteria;Bacteria_none;Proteobacteria;Betaproteobacteria;Nitrosomonadales;Usitatibacteraceae;Usitatibacter
Azonexus,0,0,0,0,0,0,0,0,2,0,0,0,0,0,0,0,0,0,0,0,0,0,0,0,2,Bacteria,Bacteria_none,Proteobacteria,Betaproteobacteria,Rhodocyclales,Azonexaceae,Bacteria;Bacteria_none;Proteobacteria;Betaproteobacteria;Rhodocyclales;Azonexaceae;Azonexus
Dechloromonas,0,0,0,0,0,0,0,0,23,65,0,0,0,0,0,0,1,0,0,0,0,0,0,0,89,Bacteria,Bacteria_none,Proteobacteria,Betaproteobacteria,Rhodocyclales,Azonexaceae,Bacteria;Bacteria_none;Proteobacteria;Betaproteobacteria;Rhodocyclales;Azonexaceae;Dechloromonas
Ferribacterium,0,0,0,0,0,0,0,0,16,0,0,0,0,0,0,0,11,0,0,0,0,0,0,0,27,Bacteria,Bacteria_none,Proteobacteria,Betaproteobacteria,Rhodocyclales,Azonexaceae,Bacteria;Bacteria_none;Proteobacteria;Betaproteobacteria;Rhodocyclales;Azonexaceae;Ferribacterium
Zoogloea,510,61,22,0,0,0,0,0,7,0,0,0,48,39,0,132,0,0,0,0,0,0,0,0,819,Bacteria,Bacteria_none,Proteobacteria,Betaproteobacteria,Rhodocyclales,Zoogloeaceae,Bacteria;Bacteria_none;Proteobacteria;Betaproteobacteria;Rhodocyclales;Zoogloeaceae;Zoogloea
Stigmatella,0,0,0,0,0,0,0,0,0,0,0,0,0,0,0,0,0,0,0,0,0,0,21,0,21,Bacteria,Bacteria_none,Proteobacteria,Deltaproteobacteria,Myxococcales,Archangiaceae,Bacteria;Bacteria_none;Proteobacteria;Deltaproteobacteria;Myxococcales;Archangiaceae;Stigmatella
Labilithrix,0,0,0,0,0,0,0,2,0,0,0,0,0,0,0,0,0,24,0,0,0,0,0,0,26,Bacteria,Bacteria_none,Proteobacteria,Deltaproteobacteria,Myxococcales,Labilitrichaceae,Bacteria;Bacteria_none;Proteobacteria;Deltaproteobacteria;Myxococcales;Labilitrichaceae;Labilithrix
Aeromonas,0,0,1,0,0,0,0,0,0,0,0,46,46,33,0,0,116,0,0,0,0,0,0,0,242,Bacteria,Bacteria_none,Proteobacteria,Gammaproteobacteria,Aeromonadales,Aeromonadaceae,Bacteria;Bacteria_none;Proteobacteria;Gammaproteobacteria;Aeromonadales;Aeromonadaceae;Aeromonas
Alishewanella,0,0,0,0,0,0,0,0,0,0,2,0,0,62,0,0,8,0,0,0,0,0,0,25,97,Bacteria,Bacteria_none,Proteobacteria,Gammaproteobacteria,Alteromonadales,Alteromonadaceae,Bacteria;Bacteria_none;Proteobacteria;Gammaproteobacteria;Alteromonadales;Alteromonadaceae;Alishewanella
Shewanella,0,0,0,0,0,0,0,0,0,0,0,0,11,6,0,0,27,0,0,0,0,0,0,0,44,Bacteria,Bacteria_none,Proteobacteria,Gammaproteobacteria,Alteromonadales,Shewanellaceae,Bacteria;Bacteria_none;Proteobacteria;Gammaproteobacteria;Alteromonadales;Shewanellaceae;Shewanella
Pararheinheimera,0,0,0,0,0,0,0,9,0,0,0,0,2,0,0,25,0,0,0,0,0,0,0,0,36,Bacteria,Bacteria_none,Proteobacteria,Gammaproteobacteria,Chromatiales,Chromatiaceae,Bacteria;Bacteria_none;Proteobacteria;Gammaproteobacteria;Chromatiales;Chromatiaceae;Pararheinheimera
Rheinheimera,0,0,0,0,0,0,0,0,0,0,0,0,0,0,0,0,0,0,0,7,0,0,0,0,7,Bacteria,Bacteria_none,Proteobacteria,Gammaproteobacteria,Chromatiales,Chromatiaceae,Bacteria;Bacteria_none;Proteobacteria;Gammaproteobacteria;Chromatiales;Chromatiaceae;Rheinheimera
Citrobacter,0,0,0,0,0,0,0,0,0,0,0,0,0,0,0,0,0,0,0,0,1,0,25,0,26,Bacteria,Bacteria_none,Proteobacteria,Gammaproteobacteria,Enterobacterales,Enterobacteriaceae,Bacteria;Bacteria_none;Proteobacteria;Gammaproteobacteria;Enterobacterales;Enterobacteriaceae;Citrobacter
Enterobacter,0,0,0,0,0,1,0,0,18,0,0,0,0,22,0,2,0,0,0,0,0,0,2360,0,2403,Bacteria,Bacteria_none,Proteobacteria,Gammaproteobacteria,Enterobacterales,Enterobacteriaceae,Bacteria;Bacteria_none;Proteobacteria;Gammaproteobacteria;Enterobacterales;Enterobacteriaceae;Enterobacter
Escherichia,11,11,31,0,0,36,0,26,16,2,7,58,50,13,0,215,115,48,0,154,138,85,245,0,1261,Bacteria,Bacteria_none,Proteobacteria,Gammaproteobacteria,Enterobacterales,Enterobacteriaceae,Bacteria;Bacteria_none;Proteobacteria;Gammaproteobacteria;Enterobacterales;Enterobacteriaceae;Escherichia
Klebsiella,0,0,0,0,0,0,0,0,0,0,0,0,57,0,0,64,44,48,0,0,0,0,871,0,1084,Bacteria,Bacteria_none,Proteobacteria,Gammaproteobacteria,Enterobacterales,Enterobacteriaceae,Bacteria;Bacteria_none;Proteobacteria;Gammaproteobacteria;Enterobacterales;Enterobacteriaceae;Klebsiella
Kosakonia,0,0,0,0,0,0,0,0,0,0,0,0,1,0,0,0,0,0,0,0,0,0,3,0,4,Bacteria,Bacteria_none,Proteobacteria,Gammaproteobacteria,Enterobacterales,Enterobacteriaceae,Bacteria;Bacteria_none;Proteobacteria;Gammaproteobacteria;Enterobacterales;Enterobacteriaceae;Kosakonia
Leclercia,0,0,0,0,0,0,0,0,0,0,0,0,0,0,0,0,0,0,0,0,0,0,2,0,2,Bacteria,Bacteria_none,Proteobacteria,Gammaproteobacteria,Enterobacterales,Enterobacteriaceae,Bacteria;Bacteria_none;Proteobacteria;Gammaproteobacteria;Enterobacterales;Enterobacteriaceae;Leclercia
Phytobacter,0,0,0,0,0,0,0,0,2,0,0,0,0,0,0,0,0,0,0,0,0,0,6,0,8,Bacteria,Bacteria_none,Proteobacteria,Gammaproteobacteria,Enterobacterales,Enterobacteriaceae,Bacteria;Bacteria_none;Proteobacteria;Gammaproteobacteria;Enterobacterales;Enterobacteriaceae;Phytobacter
Pseudocitrobacter,0,0,0,0,0,0,0,0,0,0,0,0,0,0,0,1,0,0,0,0,0,0,5,0,6,Bacteria,Bacteria_none,Proteobacteria,Gammaproteobacteria,Enterobacterales,Enterobacteriaceae,Bacteria;Bacteria_none;Proteobacteria;Gammaproteobacteria;Enterobacterales;Enterobacteriaceae;Pseudocitrobacter
Salmonella,0,0,0,0,0,0,0,0,0,0,0,0,0,0,0,1,0,0,0,0,0,0,5,0,6,Bacteria,Bacteria_none,Proteobacteria,Gammaproteobacteria,Enterobacterales,Enterobacteriaceae,Bacteria;Bacteria_none;Proteobacteria;Gammaproteobacteria;Enterobacterales;Enterobacteriaceae;Salmonella
Scandinavium,0,0,0,0,0,0,0,0,0,0,0,0,0,0,0,0,0,0,0,0,2,0,0,0,2,Bacteria,Bacteria_none,Proteobacteria,Gammaproteobacteria,Enterobacterales,Enterobacteriaceae,Bacteria;Bacteria_none;Proteobacteria;Gammaproteobacteria;Enterobacterales;Enterobacteriaceae;Scandinavium
Shigella,55,12,26,0,0,25,2,16,77,26,8,52,74,7,0,1293,184,35,0,115,137,55,358,0,2557,Bacteria,Bacteria_none,Proteobacteria,Gammaproteobacteria,Enterobacterales,Enterobacteriaceae,Bacteria;Bacteria_none;Proteobacteria;Gammaproteobacteria;Enterobacterales;Enterobacteriaceae;Shigella
Yokenella,0,0,0,0,0,0,0,0,0,0,0,0,0,0,0,0,0,0,0,0,0,0,2,0,2,Bacteria,Bacteria_none,Proteobacteria,Gammaproteobacteria,Enterobacterales,Enterobacteriaceae,Bacteria;Bacteria_none;Proteobacteria;Gammaproteobacteria;Enterobacterales;Enterobacteriaceae;Yokenella
Pantoea,0,0,0,0,0,42,0,0,0,0,0,0,0,0,0,0,0,0,0,0,0,0,185,0,227,Bacteria,Bacteria_none,Proteobacteria,Gammaproteobacteria,Enterobacterales,Erwiniaceae,Bacteria;Bacteria_none;Proteobacteria;Gammaproteobacteria;Enterobacterales;Erwiniaceae;Pantoea
Arsenophonus,0,0,0,0,0,0,0,0,0,0,0,0,0,0,0,0,0,0,0,0,0,0,230,0,230,Bacteria,Bacteria_none,Proteobacteria,Gammaproteobacteria,Enterobacterales,Morganellaceae,Bacteria;Bacteria_none;Proteobacteria;Gammaproteobacteria;Enterobacterales;Morganellaceae;Arsenophonus
Ignatzschineria,0,0,0,0,0,0,0,0,0,0,0,0,0,0,0,0,0,0,0,0,0,0,11,0,11,Bacteria,Bacteria_none,Proteobacteria,Gammaproteobacteria,Gammaproteobacteria_Incertae_sedis,Gammaproteobacteria_Incertae_sedis_Incertae_sedis,Bacteria;Bacteria_none;Proteobacteria;Gammaproteobacteria;Gammaproteobacteria_Incertae_sedis;Gammaproteobacteria_Incertae_sedis_Incertae_sedis;Ignatzschineria
Acinetobacter,147,12,13,0,0,177,11,11,55,81,23,60,130,47,0,86,100,23,0,257,315,84,74,64,1770,Bacteria,Bacteria_none,Proteobacteria,Gammaproteobacteria,Moraxellales,Moraxellaceae,Bacteria;Bacteria_none;Proteobacteria;Gammaproteobacteria;Moraxellales;Moraxellaceae;Acinetobacter
Moraxella,0,0,0,0,0,0,0,0,0,0,0,7,0,0,0,0,13,13,0,20,0,13,15,0,81,Bacteria,Bacteria_none,Proteobacteria,Gammaproteobacteria,Moraxellales,Moraxellaceae,Bacteria;Bacteria_none;Proteobacteria;Gammaproteobacteria;Moraxellales;Moraxellaceae;Moraxella
Panacagrimonas,0,0,0,0,0,0,0,0,15,0,0,0,0,0,0,0,0,0,0,0,0,0,0,0,15,Bacteria,Bacteria_none,Proteobacteria,Gammaproteobacteria,Nevskiales,Sinobacteraceae,Bacteria;Bacteria_none;Proteobacteria;Gammaproteobacteria;Nevskiales;Sinobacteraceae;Panacagrimonas
Povalibacter,0,0,8,0,0,0,0,0,0,0,0,0,0,0,0,0,0,0,0,0,0,0,0,0,8,Bacteria,Bacteria_none,Proteobacteria,Gammaproteobacteria,Nevskiales,Steroidobacteraceae,Bacteria;Bacteria_none;Proteobacteria;Gammaproteobacteria;Nevskiales;Steroidobacteraceae;Povalibacter
Steroidobacter,0,0,0,0,0,0,0,0,0,0,0,0,0,0,0,0,0,4,0,0,0,0,0,0,4,Bacteria,Bacteria_none,Proteobacteria,Gammaproteobacteria,Nevskiales,Steroidobacteraceae,Bacteria;Bacteria_none;Proteobacteria;Gammaproteobacteria;Nevskiales;Steroidobacteraceae;Steroidobacter
Halomonas,0,0,0,0,0,0,0,0,0,0,0,0,0,30,0,0,1,1,0,0,0,0,0,0,32,Bacteria,Bacteria_none,Proteobacteria,Gammaproteobacteria,Oceanospirillales,Halomonadaceae,Bacteria;Bacteria_none;Proteobacteria;Gammaproteobacteria;Oceanospirillales;Halomonadaceae;Halomonas
Zymobacter,165,2,0,0,0,0,0,0,0,0,0,0,0,12,0,0,0,0,0,0,0,1,78,0,258,Bacteria,Bacteria_none,Proteobacteria,Gammaproteobacteria,Oceanospirillales,Halomonadaceae,Bacteria;Bacteria_none;Proteobacteria;Gammaproteobacteria;Oceanospirillales;Halomonadaceae;Zymobacter
Zophobihabitans,0,0,0,0,0,0,0,0,0,0,0,0,0,0,0,0,0,0,0,0,0,0,41,0,41,Bacteria,Bacteria_none,Proteobacteria,Gammaproteobacteria,Orbales,Orbaceae,Bacteria;Bacteria_none;Proteobacteria;Gammaproteobacteria;Orbales;Orbaceae;Zophobihabitans
Haemophilus,0,0,4,0,0,0,0,0,0,0,0,17,0,0,0,0,122,13,0,31,0,0,0,0,187,Bacteria,Bacteria_none,Proteobacteria,Gammaproteobacteria,Pasteurellales,Pasteurellaceae,Bacteria;Bacteria_none;Proteobacteria;Gammaproteobacteria;Pasteurellales;Pasteurellaceae;Haemophilus
Entomomonas,0,0,0,0,0,0,0,0,0,0,0,0,0,0,0,0,0,0,0,0,0,0,189,0,189,Bacteria,Bacteria_none,Proteobacteria,Gammaproteobacteria,Pseudomonadales,Pseudomonadaceae,Bacteria;Bacteria_none;Proteobacteria;Gammaproteobacteria;Pseudomonadales;Pseudomonadaceae;Entomomonas
Halopseudomonas,0,0,0,0,0,0,0,0,0,0,0,0,0,0,0,36,0,0,0,0,0,0,0,0,36,Bacteria,Bacteria_none,Proteobacteria,Gammaproteobacteria,Pseudomonadales,Pseudomonadaceae,Bacteria;Bacteria_none;Proteobacteria;Gammaproteobacteria;Pseudomonadales;Pseudomonadaceae;Halopseudomonas
Pseudomonas,6341,6253,108,0,0,0,7,58,538,17,28,65,87,9,0,30,149,16,0,87,41,109,297,185,14425,Bacteria,Bacteria_none,Proteobacteria,Gammaproteobacteria,Pseudomonadales,Pseudomonadaceae,Bacteria;Bacteria_none;Proteobacteria;Gammaproteobacteria;Pseudomonadales;Pseudomonadaceae;Pseudomonas
Stutzerimonas,61,20,22,0,0,2,0,1,0,16,22,30,369,39,0,58,71,0,0,21,0,28,187,0,947,Bacteria,Bacteria_none,Proteobacteria,Gammaproteobacteria,Pseudomonadales,Pseudomonadaceae,Bacteria;Bacteria_none;Proteobacteria;Gammaproteobacteria;Pseudomonadales;Pseudomonadaceae;Stutzerimonas
Vibrio,0,0,0,0,0,0,0,0,0,0,0,0,2,0,0,0,0,0,0,0,0,0,0,0,2,Bacteria,Bacteria_none,Proteobacteria,Gammaproteobacteria,Vibrionales,Vibrionaceae,Bacteria;Bacteria_none;Proteobacteria;Gammaproteobacteria;Vibrionales;Vibrionaceae;Vibrio
Luteimonas,0,0,0,0,0,0,0,0,0,0,0,0,0,0,0,0,0,0,0,0,0,0,0,64,64,Bacteria,Bacteria_none,Proteobacteria,Gammaproteobacteria,Xanthomonadales,Xanthomonadaceae,Bacteria;Bacteria_none;Proteobacteria;Gammaproteobacteria;Xanthomonadales;Xanthomonadaceae;Luteimonas
Lysobacter,4,0,0,0,0,0,0,0,0,0,0,0,0,0,0,0,0,0,0,0,0,0,0,0,4,Bacteria,Bacteria_none,Proteobacteria,Gammaproteobacteria,Xanthomonadales,Xanthomonadaceae,Bacteria;Bacteria_none;Proteobacteria;Gammaproteobacteria;Xanthomonadales;Xanthomonadaceae;Lysobacter
Thermomonas,0,0,0,0,0,0,0,0,0,0,0,0,0,0,0,0,3,0,0,0,0,0,0,0,3,Bacteria,Bacteria_none,Proteobacteria,Gammaproteobacteria,Xanthomonadales,Xanthomonadaceae,Bacteria;Bacteria_none;Proteobacteria;Gammaproteobacteria;Xanthomonadales;Xanthomonadaceae;Thermomonas
Xanthomonas,27,0,22,0,0,0,0,0,0,0,0,2,0,0,0,0,27,0,0,47,0,1,0,0,126,Bacteria,Bacteria_none,Proteobacteria,Gammaproteobacteria,Xanthomonadales,Xanthomonadaceae,Bacteria;Bacteria_none;Proteobacteria;Gammaproteobacteria;Xanthomonadales;Xanthomonadaceae;Xanthomonas
Unknown,5859,1806,916,24,25,2686,1257,1136,1597,1094,131,2346,1419,1405,56,3479,2490,1165,5,2978,2801,1615,10723,4961,51974,Unclassified,Unknown,Unknown,Unknown,Unknown,Unknown,Unclassified;Unknown;Unknown;Unknown;Unknown;Unknown;Unknown